index,timestamp,mode,address,size
0,4,r,0,4149
1,7,r,4149,3028
2,12,r,7177,1813
3,15,w,8990,4298
4,19,w,13288,2740
5,21,r,16028,5776
6,26,r,21804,4456
7,27,r,26260,4527
8,32,w,30787,5020
9,37,w,35807,1216
10,42,r,37023,4817
11,43,r,41840,3587
12,46,r,45427,3631
13,50,w,49058,4178
14,53,w,53236,2360
15,58,r,55596,2644
16,62,r,58240,2933
17,63,r,61173,4534
18,68,w,65707,4487
19,72,w,70194,3868
20,73,r,74062,2630
21,76,r,76692,2854
22,78,r,79546,3899
23,79,w,83445,2511
24,81,w,85956,4725
25,83,r,90681,3735
26,88,r,94416,3699
27,91,r,98115,4231
28,96,w,102346,5283
29,99,w,107629,4081
30,104,r,111710,3961
31,107,r,115671,4607
32,112,r,120278,4628
33,117,w,124906,5853
34,122,w,130759,3991
35,126,r,134750,4532
36,129,r,139282,3342
37,131,r,142624,3708
38,133,w,146332,6923
39,136,w,153255,4690
40,140,r,157945,5496
41,142,r,163441,4745
42,144,r,168186,5841
43,149,w,174027,3184
44,153,w,177211,4751
45,158,r,181962,3033
46,160,r,184995,5368
47,165,r,190363,2333
48,169,w,192696,3113
49,172,w,195809,3558
50,173,r,199367,3868
51,178,r,203235,4549
52,181,r,207784,4526
53,184,w,212310,3464
54,185,w,215774,3822
55,187,r,219596,3147
56,190,r,222743,3768
57,192,r,226511,4260
58,194,w,230771,5380
59,199,w,236151,4471
60,204,r,240622,3995
61,206,r,244617,3880
62,211,r,248497,4345
63,212,w,252842,3643
64,215,w,256485,4352
65,220,r,260837,3656
66,221,r,264493,5024
67,222,r,269517,6654
68,226,w,276171,4547
69,227,w,280718,5879
70,232,r,286597,3673
71,235,r,290270,4309
72,236,r,294579,4365
73,239,w,298944,5549
74,243,w,304493,4610
75,244,r,309103,5194
76,249,r,314297,6555
77,251,r,320852,5904
78,254,w,326756,3049
79,259,w,329805,5385
80,261,r,335190,3873
81,262,r,339063,3442
82,264,r,342505,4625
83,267,w,347130,3322
84,268,w,350452,3188
85,270,r,353640,3464
86,271,r,357104,3061
87,276,r,360165,4283
88,281,w,364448,5383
89,285,w,369831,3362
90,288,r,373193,4991
91,292,r,378184,5385
92,293,r,383569,3935
93,296,w,387504,4365
94,298,w,391869,4253
95,301,r,396122,6625
96,306,r,402747,3868
97,311,r,406615,5035
98,313,w,411650,3878
99,317,w,415528,3105
