time,flux
131.51170357028604,0.9925010634016946
131.5321380667956,0.9932502894119362
131.55257246331166,0.9929784274025056
131.5730067598197,0.9935552719680099
131.59344115633576,0.9936894191012722
131.6138756529108,0.9940343009155103
131.6343099494261,0.9941469226665736
131.6547443459349,0.9945796898810607
131.67517884250992,0.995356328049296
131.69561323907692,0.9949404481512302
131.71604753559222,0.9955037947560736
131.7364819321665,0.9955629003635482
131.75691642873426,0.9959088525006582
131.77735072530777,0.9962838817424513
131.79778512188204,0.9964144611328077
131.8182196184498,0.9965553275152094
131.83865391502331,0.9970603415235413
131.8590883115976,0.997354680313279
131.8795227081646,0.9975354459538452
131.89995710479707,0.9973366037492223
131.92039150137134,0.9979713052121841
131.94082589793834,0.9982631465818876
131.96126029457082,0.9982483999112098
131.9816946911451,0.9988006865130451
132.0021290877121,0.9992041982357036
132.0225633843438,0.9991569851045821
132.04299788097705,0.9987489542409094
132.06343227754405,0.999681205462224
132.08386657417577,0.9996923843899961
132.10430097080825,1.0000008752265939
132.12473546743422,0.9998892048736387
132.14516976400773,1.0005294958004864
132.1656041606402,1.0006796977768253
132.18603865726618,1.0007310732746704
132.20647305389866,1.0010216064719752
132.22690735053038,1.0013796889349653
132.24734174716286,1.0011487370441894
132.26777624378883,1.0016962666554832
132.28821054042055,1.0018961791829777
132.30864493704576,1.0022321416399511
132.329079433679,1.0025867752847988
132.34951373031072,1.0021268932242267
132.3699481269432,1.002630539597778
132.3903825235684,1.0030483222920603
132.4108169202591,1.0027053432740387
132.4312513168843,1.0032860528943575
132.45168571351678,1.0032815337533432
132.47212021015002,1.0036580248966225
132.49255450683995,1.002947360288582
132.51298890346516,1.0028334405980546
132.53342320009688,1.002564402296906
132.55385769672284,1.0026396848403827
132.57429209335533,1.0020011674382046
132.59472639004525,1.002282881368708
132.6151608866785,1.0018051582225553
132.6355952833037,1.0017444211951703
132.6560296799944,1.0012017285178019
132.6764639766261,1.001044967265074
132.69689847325208,1.0006684520668814
132.71733286988456,1.000851442806796
132.73776716657449,1.0007650241783614
132.75820166320045,0.9870824424547961
132.77863605983293,0.9793271725245507
132.79907035646465,0.9786000795163001
132.81950475314807,0.982307617325589
132.8399392497813,0.996036919843901
132.86037354641303,0.9991785376370244
132.88080794303823,0.999156226152036
132.90124243967148,0.9990172810841459
132.9216767363032,0.9996443636675212
132.9421111329284,0.9998140017835435
132.9625455296191,0.9995868732273662
132.98298002625233,0.9999167054446009
133.00341432287678,0.9993554948645244
133.02384871950926,0.9999640435688353
133.04428311614174,0.9996607726432535
133.06471751276695,1.0000620252224879
133.08515190939943,1.0003118194142087
133.1055863059737,1.0002193861192572
133.1260207025989,1.0007519105043488
133.1464550992314,0.9998461114338971
133.16688949586387,1.0002022688424141
133.18732389248908,1.000725349212696
133.20775838912232,1.0002137197103713
133.22819268569583,0.9999066711788654
133.24862708232104,1.0006365754734832
133.2690614788953,1.0007117734414068
133.2894958755278,1.000307097406804
133.3099302720948,1.0005031787642937
133.3303645687265,1.0005919525035065
133.35079906530154,1.0002068727996343
133.37123346192675,1.0003782816684332
133.39166785850102,1.0003582131369624
133.4121022550753,1.0006011604179461
133.4325366516423,1.000826872371902
133.45297104821657,1.0005560652472292
133.47340534479008,1.0006091878305345
133.49383984135784,1.0006593591592121
133.5142742379321,1.0005682244162968
133.53470853450563,1.0004917278963368
133.55514303107338,1.0006882814545672
133.57557742758945,1.0002529123718322
133.59601172416296,1.0007706804837835
133.61644612067175,1.0007729234373008
133.6368806172468,1.0004992831081847
133.6573150138138,1.000610722482941
133.6777493103291,0.9999850565017873
133.69818380684592,1.000291986983108
133.71861820336198,1.0001407646959652
133.73905249987,1.000190581874087
133.75948689638608,1.0000166939514004
133.77992139289563,1.0002991880444008
133.80035568941094,0.9997860238896693
133.820790085927,1.0001119604507949
133.84122448244307,0.999910094634234
133.86165887889365,0.9996147330710552
133.88209327540972,0.9997104717711903
133.90252767186757,0.9999326422195925
133.92296206837636,0.999419360014676
133.94339646483422,0.9996041085543942
133.96383086129208,0.9995250149303615
133.9842651577419,0.9994166448604183
134.00469965420052,0.9992235147575564
134.02513405065838,0.9991702741240658
134.04556834705,0.9991100685296528
134.0660028435086,0.9986647832313674
134.08643723990826,0.9991231721002015
134.10687153635808,0.998493138262198
134.12730593275774,0.9982949320013759
134.14774042915815,0.9988438653621996
134.16817482555052,0.998462445214066
134.1886091219494,0.9984891245559039
134.20904361834982,0.9982134773736407
134.2294780147422,0.9966490763203858
134.24991231108288,0.9817232578774395
134.27034670748253,0.9780085507545762
134.29078120381746,0.9781701383377531
134.31121550015814,0.9832034324961427
134.3316498965578,0.9991612281751262
134.35208439289272,1.0003012250072996
134.3725186891752,1.000414595041122
134.4133874818508,1.0007661691723668
134.43382187813404,1.0018408410760742
134.45425627447548,1.0015425676439251
134.47469067075144,1.0017802187817362
134.49512516703544,1.0023992178270615
134.5155594633179,1.002383543468643
134.53599385959387,1.002722120218088
134.55642815581814,1.003326494031285
134.57686265210214,1.0030554410297277
134.5972970483199,1.0029137110788777
134.61773134454415,1.0027772127705088
134.63816574076918,1.0028556874077243
134.6586002369877,1.0023596325797495
134.67903463321272,1.002452494233788
134.69946902943775,1.002313736807075
134.7199034255973,1.0017827250952493
134.74033782176411,1.0018946109037645
134.76077211793017,1.001913872860172
134.78120651408972,1.0016023523306192
134.8016410102573,1.0016910524508658
134.82207540642412,1.0016317208690924
134.84250970253197,1.0013379165833955
134.86294419869228,1.0015348165822275
134.8833785948009,1.0010032103655748
134.90381299090222,1.0010197375997762
134.92424728701008,1.0006846746790585
134.94468178311945,1.0004732687624387
134.96511617916258,1.0007512592197263
134.98555047521222,1.0007821734707507
135.0059849712634,0.9998442826550591
135.02641936730652,1.0007488812004168
135.04685366335616,1.0000008752265939
135.06728805940656,0.9996276450959579
135.08772255539225,0.9996672391174621
135.10815685138368,0.9994752140582148
135.1285912474341,0.9995539264973614
135.14902574336156,0.9990852188914466
135.16946013935376,0.9985518291603115
135.1898944353452,0.9991028162343373
135.2103288312719,0.9989563302448682
135.23076332720666,0.9984060565766354
135.2511976231399,0.9985404146676257
135.2716320190666,0.998399517023534
135.29206631494162,0.998179193534503
135.31250081087637,0.998271460683714
135.33293520674488,0.9982772868310225
135.3533695026199,0.9981340111676213
135.37380399849644,0.9980967951654267
135.39423839430674,0.9981083285590779
135.4146727901243,0.9977352173294075
135.43510708599933,0.9976322490933035
135.4555415818104,0.9974695925725294
135.47597597756976,0.9974365381041264
135.49641027338657,0.9973633545598747
135.51684476913942,0.9971567641323563
135.5372791648988,0.9970137857213688
135.5577134606574,0.9970355445980514
135.57814785641676,0.9969863790488261
135.5985823521114,0.9970256758179167
135.6190166478118,0.997109441548096
135.6394510435057,0.9966249795642553
135.6598855392076,0.9968752660965868
135.68031993490877,0.9970723444468668
135.70075423055096,0.9966016749750216
135.72118862618663,0.991640322852017
135.74162312183034,0.9787028857157095
135.76205741746526,0.9775440261964153
135.78249181305,0.9786530871586043
135.8029263086355,0.9882484462206227
135.8233606042195,0.999893239943128
135.84379499979696,1.0001952631165782
135.8642293953235,0.999581431743908
135.88466379084275,0.9997228969640286
135.9050981863693,0.9997504620975992
135.92553258189582,0.9996237937457155
135.9459668774216,0.9997467032157487
135.9664013728834,0.9993563761512065
135.98683576835174,0.9994434270816814
136.0072700638193,0.9996501655834605
136.0277045592229,0.9995622196811164
136.04813895469124,1.000068057781573
136.0685732500424,0.9997224196456984
136.08900764544524,0.9995298216994524
136.10944214085612,0.9997531470132067
136.12987653620075,0.9997054748449754
136.1503108315519,0.9994997506446481
136.17074532690458,0.9998924643008413
136.19117972219829,0.9995610860500821
136.21161401748395,0.9996231970978027
136.23204841277766,0.9996402612281082
136.25248290806485,0.9997180044511438
136.27291720329958,0.9995754652647801
136.29335159853508,0.9999696705407554
136.31378609377134,0.9997616790783594
136.3342203889988,0.9995289863923744
136.3546547841761,0.9993690847517488
136.37508917935338,0.9995815510734906
136.3955235745234,0.999827847331887
136.41595796964248,0.9995387117533527
136.43639236476156,0.9996924679204767
136.45682685987413,0.9999321413870413
136.47726115499245,1.000032020247641
136.49769555005332,0.9999549333373096
136.51812994510692,0.9997277298121221
136.5385643401678,0.9998822616215327
136.55899873517046,1.0000745612438224
136.57943313022406,0.9999398978099074
136.59986752522673,1.0007601096956091
136.6203019201712,1.0002229475797313
136.64073631516658,1.0001527817851883
136.66117071005283,1.0000621509672365
136.6816051049973,1.0002816577343492
136.70203949993447,1.0002843426499566
136.72247389482072,1.000801039742426
136.7429081897062,1.0003960351392296
136.76334268452774,1.0002250955122172
136.7837770793558,1.0004303423942145
136.80421137418307,1.0001609558615931
136.8246458690046,1.0003419788383314
136.84508026377443,1.0005982391168713
136.865514658537,1.001002348748199
136.88594895330607,1.0007868991868931
136.90638344801846,1.0014465531192651
136.9268178427301,1.0010679203538135
136.94725213737547,1.0011333129650544
136.96768663208786,1.0011547922899144
136.988121026734,1.0012132637853672
137.00855532138667,1.0014294889889594
137.02898971598188,1.0015389142161637
137.04942421057785,1.0014160047461307
137.06985850516503,1.0011238859280325
137.09029289970204,1.0012656494721095
137.11072739429073,1.0016420149754925
137.13116168876877,1.0018003653315448
137.15159608330578,1.002101911186665
137.17203047778457,1.0021723156403732
137.19246497225686,1.0019640855188126
137.2128992666767,0.9906520783508685
137.23333366109728,0.9799144016224516
137.25376795550983,0.978762811059984
137.27420244987297,0.9794542932192876
137.29463684423536,0.9923418854725828
137.3150711385897,0.9967251253092698
137.33550563289464,0.99762785179947
137.35594002725702,0.9970958731449743
137.39680871574092,0.9974809763368774
137.41724320998765,0.997568176227835
137.43767760422634,0.9979522116659713
137.45811189841334,0.9980618343860322
137.47854639260186,0.9979617028105653
137.49898078678234,0.9976479018424249
137.51941508091113,0.997742457370443
137.53984947504068,0.9974842982374852
137.5602839691055,0.9984769533227139
137.5807182631761,0.9983600936048999
137.60115265724744,0.9983580767366735
137.62158715125406,0.9981993373433384
137.6420215452672,0.9990148639425809
137.66245583927957,0.999773087756337
137.68289023322723,0.9989296809198495
137.70332472718292,0.9987710601658217
137.72375902107888,0.9991619766837885
137.74419341502653,0.9993236820598094
137.7646279088658,0.9996720070664105
137.78506220276176,0.9997308521628935
137.805496596593,0.9994338979764076
137.82593089037255,0.9994392367452417
137.84636538421182,0.9997931377992918
137.86679977792664,0.9995475544329212
137.88723417170695,0.9997652575620469
137.9076684654283,0.9995638080180385
137.92810295914387,0.9998373902609615
137.94853735280776,1.0002056466712101
137.9689716464709,0.9997290725732821
137.98940614007006,0.9998999131759747
138.00984053367574,1.0000267385956128
138.03027482728066,1.0001664956997598
138.05070922082814,1.0000008752265939
138.0711437143691,1.0000963798690712
138.09157810791658,1.00034113276029
138.1120124013978,1.0005564631032673
138.13244689488783,1.000532735241782
138.1528812883189,1.0004742460632214
138.17331558174192,1.000778081329538
138.19374997511477,1.0010274611537462
138.21418446848838,1.0009110759931619
138.23461886185396,1.0009053813064053
138.25505315516784,1.00067937342576
138.27548764848325,1.000899093423112
138.2959220417324,1.0008467734885373
138.3163563349881,1.0010224783028345
138.33679072824452,1.0008872294923694
138.35722522143624,1.0011647268324375
138.37765961463447,1.000779742279842
138.39809390777373,1.0010868994467663
138.41852840090723,1.0007665733167177
138.43896279404726,1.0007630141374948
138.4593970870701,1.0007863860810577
138.47983148008643,1.0008769078726234
138.5002659731108,1.0006266975732632
138.52070026613364,1.0005562258246523
138.54113465914998,1.0009955471800487
138.56156905205717,1.000673560099696
138.58200344496436,1.0006385615040057
138.60243783786427,1.0001533267366356
138.62287223077146,1.0004634498862457
138.64330662367865,1.0009343292974173
138.66374101646215,1.0001844102351811
138.68417540925293,0.999664058232813
138.70460970204294,0.9855741975242766
138.7250441948272,0.9795335003251869
138.74547858750157,0.9783429444639552
138.76591288017516,0.9825617839544022
138.786347372843,0.9979354810233974
138.80678176551737,0.9992233957945813
138.82721605819097,0.999425219461283
138.84765045074164,0.9993277297269547
138.86808494330035,0.9993469427343576
138.8885193358583,0.9995928029481566
138.90895362829906,0.9995496442848998
138.9293881208505,0.9999684687448597
138.94982251329202,0.9999385431494197
138.9702568057255,0.999820849243162
138.99069119805063,1.0001989897739822
139.01112569049292,1.0000075278549216
139.03155998281727,0.9998350020348963
139.0519943751351,1.0000730134860742
139.07242886746099,1.0000168034939756
139.09286315966165,0.9997837791775882
139.11329755187035,1.0002465550597004
139.13373194407905,1.000026566259961
139.15416633628774,1.0001419670285034
139.17460072848917,1.0005834456168976
139.19503512058145,1.000478953906087
139.21546941267297,1.0003181137294435
139.23590390475874,1.0003866425255017
139.2563382967346,1.000780672090282
139.27677258882613,1.0006551729580802
139.2972070807955,1.0009456594788706
139.31764147265494,1.0004939856437494
139.33807586462353,1.0002287710956073
139.35851015648223,1.000145845065416
139.37894464834244,1.000380849450485
139.3993790402019,1.0005666399546245
139.4198133320533,1.0002318367892953
139.4402478237971,1.0005501890328963
139.46068221553287,1.0004391370775363
139.48111650727515,1.0006215299816066
139.50155089901818,1.000457487988786
139.52198539064557,1.0001935831821145
139.54241968226415,1.0002730109476272
139.56285407389078,1.0006710977989803
139.58328856539447,1.00014387940009
139.60372285702033,1.000371829886581
139.62415724853054,1.000440076561811
139.64459163992433,1.0004586609164505
139.66502613142802,1.000223452914227
139.68546042282105,1.0001386065869424
139.70589481421484,1.0004822150533181
139.72632920560136,1.0003022131205306
139.74676359687874,1.0004293431893085
139.76719798827253,1.0005133560730697
139.78763237954263,1.0006746295067404
139.8080667707036,1.0004019819217063
139.82850116198097,1.0002493814411433
139.84893555313465,1.0006830640614501
139.8693699442956,1.0004681350597713
139.88980433534016,1.0005776421821373
139.91023872649384,1.000208151992325
139.9306731175384,1.0002349271115416
139.95110760857642,1.0004183825667694
139.9715418995038,1.0007050789455811
139.99197629054834,1.0009271798759138
140.0124105814757,1.0003639479385718
140.0328450722809,1.0002038971518388
140.05327946320904,1.0007639509286856
140.07371385401348,1.0004899359532406
140.0941482448252,1.0004513272367956
140.1145826356369,1.0000929668524505
140.1350170263322,1.001435953127505
140.15545131701947,1.000502321100307
140.17588580771553,0.997011837486592
140.19632019828714,0.9814174826864633
140.21675448898168,0.9810513624152022
140.23718897956132,0.9797572064143582
140.2576233700238,0.9865595888565832
140.27805766059464,0.9989967209383049
140.2984920510571,0.9992741441601499
140.31892654151306,0.9994469913748487
140.33936083185836,0.9997637816641931
140.38022961266688,0.9992027015297155
140.40066410289,0.9991160744259305
140.4210983932353,0.9991117352564619
140.44153278346494,1.0001774817352014
140.46196727368806,0.999664478275458
140.48240156380052,0.9992673678685403
140.50283595403016,0.9996508831594597
140.52327024401893,0.99964462749002
140.54370473413292,0.9997423596835436
140.56413912424614,0.9997231246199384
140.58457351423567,0.9993973989271787
140.60500790411606,0.9995269092775432
140.62544229411287,0.9995907051022215
140.645876683986,0.999838843743185
140.66631097386562,0.999824584602755
140.68674546374677,0.9991385047340393
140.70717985350348,0.9997245875729539
140.7276141432667,1.0002948418558968
140.74804863303143,0.999929748043637
140.76848302267172,1.0000636529104519
140.78891731243493,0.9994941412452907
140.80935170196608,0.9996737844922902
140.82978619160713,0.9997883155128239
140.85022058113827,0.9995753831405175
140.87065487066866,0.9996054568775927
140.89108926019253,0.9996190431445171
140.91152374960802,0.9998329528994213
140.931958039022,0.9996729295179372
140.95239242842945,0.9994297250549707
140.97282691772853,1.0000262443263923
140.99326120702608,0.9994173678975798
141.01369559631712,0.9998546909392695
141.03412998561544,0.9999073127021878
141.05456437479734,0.9998219855295798
141.07499876397196,1.0000710792378
141.09543315303745,1.0000840850126793
141.11586754221935,1.00017757888595
141.13630193127756,0.9999421904921645
141.15673632022663,0.9997378605187528
141.17717060929135,0.9997372878149821
141.1976050982339,1.0001423434735346
141.21803948706656,0.9995343161705146
141.23847377601487,1.0000606816049036
141.258908264841,1.0001271232125448
141.27934265355725,1.0000061030411977
141.29977694238914,1.0004269127168626
141.3202113310981,1.0003801892640243
141.3406458198151,1.00011031744118
141.36108020841493,0.9999414079714996
141.38151449700672,1.0003721107974162
141.40194888560654,1.0000605314839275
141.42238337420713,0.9996917542721172
141.44281776268326,0.9998282146260865
141.4632520511659,1.000103539200972
141.48368653953366,1.0003170894703028
141.50412092789338,1.0005220770650265
141.5245552162596,1.000383773974358
141.5449896046266,1.000418394119554
141.5654239928699,1.0000546476949013
141.58585848112125,1.0004120831583578
141.60629276937107,0.9997849884359595
141.62672725749871,1.000221447736067
141.64716164563288,1.0000353056000073
141.66759593364986,0.9918021898375762
141.68803032166034,0.9803523245095769
141.70846480967884,0.9775883736073147
141.72889909769583,0.9794583528380815
141.7493334855899,0.990356160675727
141.76976797349198,0.9973705165454082
141.79020226139255,0.9966816986071824
141.8106366491702,0.9965782721671489
141.8310710369551,0.9968732113603888
141.8515054246236,0.9967542422547154
141.87193981228484,0.9963760125725242
141.89237419995334,0.9964441593362117
141.9128086876226,0.9967838633813317
141.93324297516665,0.9966427238618721
141.95367736271874,0.9966762217821559
141.97411165015365,0.9974013639226927
141.99454613769922,0.9968867195633241
142.01498052501847,0.9971368333297828
142.03541481245338,0.997117570511247
142.05584919976536,0.9974304398751994
142.07628368708538,0.9970353703705146
142.09671807428822,0.9975160927852921
142.1171523614903,0.9977335566800818
142.13758684868662,0.9977040567032677
142.15802123588946,0.9976798267428455
142.17845552285144,0.9977995833222324
142.19888990993786,0.9979490216031366
142.21932439702505,0.9980222566585129
142.2397586839943,0.9984409503746093
142.26019307084061,0.99844270704674
142.28062755769497,0.9988845403750397
142.30106184454053,0.9986582325446959
142.32149623139412,0.9991656079159378
142.3419306181313,0.999452127197931
142.36236510486196,0.9993186201160043
142.38279939159838,0.999062388284539
142.40323377821915,0.9995501373878389
142.4236682648334,0.9993375800600348
142.44410255133698,0.9998604020310459
142.46453693784133,1.0001757549659414
142.48497122434492,1.0001412878472409
142.50540571072634,1.0006840389606992
142.52584009711427,1.0004484025955929
142.54627448349493,1.0007997975966165
142.56670876976568,1.0007544269957258
142.58714325603796,1.0010174432161094
142.60757764219306,1.0012601668446393
142.62801192834013,1.0014182067614932
142.648446414496,1.0017353769434207
142.66888080064382,1.0018089148733023
142.68931508668175,1.0024917757329022
142.70974947260402,1.0023225900342538
142.73018395864347,1.0020729608670036
142.7506182445577,1.003154949749659
142.77105263036356,1.0022829134740623
142.7914871161629,1.002841171762191
142.811921401968,1.0035310593103135
142.83235578777385,1.0034228119621271
142.8527901734633,1.0031134559424362
142.8732246590298,1.0032210976674667
142.89365894471848,1.0031464688448197
142.9140933302915,1.0028061495886436
142.9345278157416,1.002749088082006
142.95496210131387,1.0025381393111905
142.97539648665406,1.0022702934342493
142.99583077210264,1.0023792816868402
143.0162652574436,1.0016688332139136
143.03669964266737,1.0020238517374354
143.0571340280003,1.00152317610731
143.07756841322407,1.0013164778218535
143.09800279833144,1.0015217395357514
143.11843718343152,1.002039156998721
143.1388715685389,1.000831143421605
143.15930595363898,0.9864964360379489
143.17974033862993,0.9807764680915466
143.2001746235037,0.9815000429437349
143.22060900837823,0.9822114022790452
143.24104349324625,0.9974052167349989
143.2614778781208,1.0004435964223557
143.28191226287163,1.0004442555305273
143.30234664751333,1.0001851856729198
143.32278103227145,0.9998174561923246
143.3636497014304,1.0002556582121451
143.38408418595645,1.0005989914664073
143.40451857047447,1.0005517078638482
143.42495285488258,1.0000049561600464
143.4453873392922,1.0003424429763546
143.46582172358467,1.0001582081990585
143.4862560079855,1.0002583709454897
143.50669039216154,0.9998348114195168
143.5271248764475,1.000327702807162
143.54755926062353,1.0002348628849846
143.5679935446824,1.000123560174288
143.58842802874278,0.9998698367623468
143.60886241279513,1.0001598421903375
143.62929669673758,0.999774605874095
143.6497310806808,1.0000892061154798
143.6701655646175,0.9996752203282346
143.69059984844353,1.0000438226872055
143.7110342321539,0.9999545295512903
143.73146861597343,1.0002967583257585
143.7519029996838,0.9999519218642952
143.77233738327777,1.0002918364028504
143.79277176686446,1.0000014129205101
143.81320615045843,0.9998617049056078
143.83364053393598,0.999890281502381
143.85407491740625,1.0003124600443254
143.87450920076662,0.9998772010629952
143.89494368412852,1.000114376485829
143.91537806748238,1.0000571357176502
143.93581235072634,0.9996706651959448
143.95624683397182,1.0003565947727024
143.97668121709285,0.9999944957528338
143.9971155002204,0.999837250873297
144.0175498833487,1.0004775171128342
144.03798436635407,1.0001971390952693
144.05841874924954,1.0001432461526767
144.07885303226067,1.0001108169263164
144.09928751514963,0.9997343557736373
144.11972189792868,1.0001438701485696
144.14015618070698,1.000150030357753
144.16059056347876,0.9997668940873262
144.18102504614217,0.9996374816292001
144.20145932880405,0.9995884229334455
144.221893711343,0.9997620413536699
144.24232819389,1.0000044427471844
144.26276247631904,1.0000157369443055
144.28319685874158,1.0000138320918481
144.3036312411714,0.9995242836367453
144.32406562348478,0.9997243649570265
144.3445000057909,1.0002647366966964
144.3649343879879,0.9992830945828042
144.3853686701841,0.9994652845510802
144.40580315237457,0.9993949829062241
144.42623753445514,1.0002195366721591
144.44667181641853,0.9999503153748971
144.46710629849258,0.9997995058585075
144.48754068034032,1.0001413441832507
144.5079749623037,1.000053422327998
144.52840934402775,0.9996625272200202
144.54884382587625,0.9997158283185088
144.56927820760757,0.9995142292784832
144.58971248933813,0.9996134097003736
144.61014697094652,0.9992266830801808
144.630581352445,0.9974310816804217
144.65101563405187,0.9815218452274737
144.67145001555036,0.9785456134606498
144.6918844969332,0.9798344359206839
144.71231877830724,0.985991866100596
144.7327531595729,0.9997722419431387
144.75318764083931,1.0002350372064113
144.77362192209694,1.0003229840308991
144.79405630324618,1.0005535811727901
144.81449068439542,1.000200470339576
144.83492516542174,1.0003686340091593
144.8553594464538,1.0000531841222877
144.87579382737022,1.0004133668062045
144.89622820827935,1.0002728694431602
144.91666258919577,0.9999129841099538
144.93709696999576,1.000360906648201
144.95753135067207,1.0004650404530995
144.97796583147283,1.000233219085724
144.99840011203923,1.000074175127632
145.01883449271554,1.00022996654768
145.0392688731663,1.000138453851854
145.05970325373346,1.0001116111697108
145.08013763417694,1.0001159700742923
145.10057201451127,1.0006487239464135
145.12100649484637,1.0004348220056856
145.14144077505625,1.0002728212663532
145.1618751553906,1.0001087231589076
145.18230943549133,0.9996585768810808
145.20274391558632,1.0003113769919254
145.22317829568783,1.0006883233042556
145.24361257567216,1.000310388895427
145.26404705565074,1.0000677098489974
145.2844814355194,1.0003412863246801
145.30491581538809,1.0001530657742073
145.32535009513958,1.0002511678568495
145.34578457488533,1.0002286069647806
145.3662189546376,1.0003552664006121
145.3866532342654,1.000614129142745
145.4070877137856,1.0002775673202104
145.42752209330502,1.0006590601228291
145.44795637282368,1.0005853874295292
145.46839075221942,1.0001357866325329
145.4888252316232,1.000528116710257
145.50925951090176,1.0002582951832055
145.52969389018835,1.0004157399862794
145.55012826935854,1.000444888924275
145.5705627485222,1.000089394317244
145.5909970275752,1.0005625581642537
145.61143140662898,1.0001777959462301
145.63186588555982,1.0002096644975347
145.6523001644964,1.000141800745872
145.67273454331735,1.0001648187549659
145.69316882213752,0.9999476427121639
145.71360330095195,0.9996021531949174
145.73403767954005,0.9998575768837745
145.7544720582373,1.0000813797792172
145.7749064368254,1.0001435928797544
145.7953408152971,0.9996839091699122
145.8157751938852,0.9999026528229109
145.83620947223244,0.9999471573192401
145.85664395058848,0.9996944903639512
145.87707832893648,1.0001248528014302
145.89751260717458,1.0000372441332805
145.9179470854142,0.9999352181251556
145.93838146353664,0.9997996392690917
145.95881574153464,1.00004717223595
145.97925011954067,0.9994313320559983
145.99968459754018,0.9993271028116566
146.0201189754298,0.9997484258829427
146.04055325331865,0.9997291466452827
146.0609877310926,0.9993714710212118
146.08142210885853,0.999915796565513
146.10185638651456,0.9998382643884596
146.12229076417134,0.9937701221295796
146.1427252417052,0.9813339458522639
146.1631595192448,0.9795592809767587
146.18359389666875,0.9803083986158664
146.20402827408543,0.9913166124345109
146.22446265139297,1.001511757051357
146.2448970287005,1.0015686752818143
146.26533140588435,1.001919155646288
146.28576578307548,1.0022758390167705
146.30620016015018,1.0029250053134784
146.34706881429156,1.0032279973857114
146.36750329112692,1.0032732499308599
146.38793766808521,1.0030408462708233
146.40837194480991,1.003407772106681
146.42880642165255,1.0033439640840593
146.44924079837074,1.003138400063323
146.46967507497902,1.0029700276833327
146.49010955158155,1.0026754651356997
146.51054392807418,1.00258813013267
146.53097830456682,1.0023344427429175
146.55141258094227,1.0025695937238637
146.57184705731197,1.0022665947337612
146.59228143357177,1.0019729827711952
146.6127158098243,1.0019033524150383
146.63315008596692,1.0018658043048922
146.65358456211106,1.0019763098189296
146.67401893813803,1.0019588428183237
146.69445321404055,1.0013334766673785
146.71488769006828,1.0012777486178261
146.73532206585514,1.001058519936752
146.75575644164928,1.000777978518857
146.77619071744266,1.0008078031253338
146.79662519312114,1.0004566807662147
146.8170595687916,1.0004478878543452
146.83749384435214,1.0003843174779903
146.85792821979703,1.0001801793348546
146.87836269535183,1.0001561770619132
146.89879697067954,1.0000008752265939
146.91923134600802,0.9999817447021206
146.93966582132998,1.000306963618164
146.96010009654128,0.9994624876092782
146.98053447163693,0.9993916690217876
147.0009688467253,0.9994881534060869
147.02140322170453,0.9992761729361485
147.04183759668376,0.9994043830970585
147.06227197165572,0.9995394849997042
147.08270644640288,0.9990822535824827
147.10314072126494,0.998803375688455
147.12357509600406,0.9989791151027144
147.14400937063328,0.9988159709405925
147.16444384526403,0.9984494015741351
147.18487821977033,0.9980568099414688
147.20531249416672,0.9982029623955182
147.22574696868105,0.9980527699549341
147.24618134295451,0.9979050728001507
147.26661571723525,0.9975469398761627
147.28704999151523,0.998147828461633
147.30748446567304,0.9976337995866589
147.32791883972095,0.9978072813613843
147.3483531137681,0.9973195123988858
147.36878748780873,0.997190470476042
147.38922196162457,0.9970257816131863
147.4096562355553,0.9970172263475834
147.4300906093631,0.997075330859803
147.45052508306253,0.9972112645243824
147.47095935664402,0.9967396555080227
147.4913937303354,0.9968600233421302
147.51182810380124,0.9968922244112745
147.53226257726783,0.9963609661819611
147.55269685072562,0.997188569305908
147.57313122407504,0.9966068112449111
147.5935656973088,0.9967953906652507
147.61399997053377,0.9860154722378055
147.63443434376677,0.9778599234031738
147.65486861676618,0.9785660088088208
147.67530308987625,0.9809377953315805
147.69573746287642,0.995848127219492
147.71617173575942,1.0014132267222404
147.73660620852024,1.001023262629853
147.75704058128758,1.0009144671450843
147.77747495405492,1.0007508715840139
147.7979092267051,1.0009462400567566
147.81834369923308,1.0002279185206309
147.8387780717676,1.0003661638124137
147.85921234429406,1.0003364733129896
147.87964671659574,1.0000415240939287
147.92051546119183,1.0002331141237224
147.9409498333771,1.0000256433989843
147.96138430556312,1.0000609714473836
147.98181857762393,0.9997744102668398
148.00225294957636,0.9998326637706422
148.0226873215288,0.9998704439928369
148.0431217934747,0.9997279188548782
148.06355606519355,0.9997652837052878
148.08399043702957,0.9994152477895877
148.10442490862624,0.9993885055132616
148.12485918022867,0.9996224804545188
148.14529355183186,0.9995859467804287
148.16572792331135,0.9993495730074599
148.1861622946817,0.9995614374697135
148.20659666605206,0.9993697027474148
148.22703103729873,0.9996592264384354
148.24746550855343,0.9995440656241575
148.2678997796902,0.9991397861846891
148.28833415082045,0.9993412177757344
148.30876852184156,0.9999200486078362
148.32920289274625,0.999687964332039
148.34963726364367,0.999165914848622
148.37007163443195,0.9993334954054113
148.39050590521947,0.9993135263734472
148.41094037588482,0.9995310603221141
148.43137474655668,0.999798307976365
148.45180911711213,0.9997107508686586
148.4722434875439,0.999545411091892
148.49267785798293,1.0000168383928445
148.51311222830554,0.9996774691939223
148.5335464986274,0.9996599872362032
148.5539809688271,0.9995977274896153
148.57441533891688,0.9995629878665333
148.59484960899863,1.0001088790139667
148.61528407908918,0.9998222735345895
148.63571844906255,0.9994303518082369
148.65615271891875,1.000146707888957
148.676587088652,0.9998211299835187
148.69702155839332,0.9999969473676259
148.71745582812582,0.9996022926356124
148.73789019774995,0.99985485648029
148.75832466725842,1.0000845279430954
148.77875903675886,0.999975651759897
148.7991933061494,0.9999497209824849
148.81962767542427,0.9998740770301489
148.84006214469264,0.9998955009060019
148.86049641396676,1.000241088593904
148.88093078312522,1.0000112197348174
148.90136525216076,0.9997224377694198
148.92179952108563,0.9998381359503556
148.94223389001127,1.0000286885745648
148.96266825892963,1.0000441350252962
148.98310262773884,1.000621890007818
149.00353699643165,0.9998884745925926
149.02397136500804,1.0005885959875704
149.0444056335764,1.0004523948574928
149.06484010215354,0.9994363341299322
149.08527447060624,0.9988081393782324
149.10570873894903,0.9825430504845909
149.12614320729335,0.9790953016082549
149.1465775755205,0.9794869971332725
149.1670118436232,0.984282197374107
149.1874462117339,0.9993785068459837
149.2078806797217,1.0001747056989696
149.22831504771602,1.000301246382241
149.24874931559316,1.0003073873038162
149.2691837833554,0.9999336916549594
149.2896181511096,1.0009933353277798
149.33048678639898,0.9999068850958837
149.35092125392111,1.0001076715218222
149.371355521449,1.0002330739763072
149.39178988874482,1.0000218741896867
149.41222435615055,1.000475029285635
149.4326586233292,1.0003255299619223
149.4530929905086,1.0003145888051581
149.47352735768072,1.000252890978437
149.4939617246273,0.999926639492544
149.5143960916903,1.0003634884677097
149.53483045851317,0.9998938065174346
149.5552649253441,0.9997278446796065
149.5756991920498,1.0003851991895376
149.59613355876354,1.000079228210213
149.6165678253601,1.0002838052326124
149.6370022919582,1.0001559010203265
149.65743665843183,0.9997875490639277
149.67787092479557,0.9999917501286749
149.69830529104365,0.9997866242827399
149.71873975740164,0.9999451819032272
149.7391741235333,0.9998615298944136
149.7596083896642,0.9999448311290532
149.78004285567295,1.0001833394088884
149.80047722157178,0.9998482739725761
149.82091148746986,0.9999220883652422
149.84134585336142,1.0001269314866432
149.86178031902818,0.9996462869171749
149.8822146846942,0.9996122890274406
149.90264895035216,1.0000143808736408
149.9230834159025,0.9998088353815309
149.9435177813284,0.9995620643270525
149.96395214664517,0.9998901058959603
149.98438641196117,1.000142447260739
150.0048208772787,0.9995226076491752
150.02525524235534,1.0005512992299763
150.0456895074385,1.0003321321378005
150.06612397251592,1.0001558447066132
150.08655833736702,0.9999581033057124
150.10699260221736,1.00035988572485
150.12742696706846,0.9997402002798517
150.14786143179663,1.0004443947608659
150.16829569641413,1.000205045862381
150.1887300610324,1.000120324726308
150.20916452552774,1.0006166451501795
150.22959878991242,1.000585283211008
150.25003315429785,1.0000312175402237
150.2704675185596,1.0001044720438923
150.29090198271297,1.000377237378279
150.3113362468648,1.0005177402221663
150.33177061089373,1.0003572559934937
150.35220487492916,1.0001012986813802
150.3726393388497,1.0001577484318824
150.39307370264578,1.0001174435644964
150.41350796633196,0.9998665076960663
150.43394243001967,1.000077968505216
150.45437679369934,1.000215450863999
150.47481115715345,1.0005026680015683
150.4952454206068,1.0001903409642587
150.5156798840544,1.0008685689975871
150.5361142472757,1.000492030887032
150.5565485104962,1.0004493591714976
150.57698297371098,0.9961082069745509
150.59741733681585,0.9831670648827713
150.61785159980354,0.9787411706427118
150.6382859626683,0.9797217291025635
150.6587204255411,0.9883157209601837
150.67915468829597,0.9998556984023973
150.6995890510443,0.9999181277700628
150.72002351368428,0.9999431702985427
150.74045787620707,0.9997025777769671
150.7608921386054,1.0000072884950244
150.7813265010118,0.9996865808411208
150.8017609633025,0.9996759647617721
150.82219522558444,0.9998749325521156
150.84262958775798,0.999958809208215
150.86306404981588,1.0000083626551695
150.88349831186497,1.0000209635948818
150.90393267380568,0.999993979996227
150.92436703562998,1.0001188262044773
150.944801397447,1.000108735728461
150.9652357591549,1.0000846074711107
150.98567012074636,1.000158730608045
151.00610438233707,1.000300577797299
151.0265388438056,1.0000637048916083
151.04697320516425,0.9997917664792181
151.06740746651485,0.9999644508120897
151.08784192764142,0.9996989549606692
151.10827628888364,0.9999057353235119
151.128710549885,0.9999378744857111
151.1491449108944,0.9999113010172052
151.16957937190455,0.9998707791979685
151.19001363267307,1.0001706736381875
151.21044799344963,0.999891112004358
151.23088245422696,1.0000868185299343
151.2513168147634,0.9997714915374724
151.27175107530638,1.000018344581999
151.29218543585012,0.9997552437769068
151.3126198961545,0.999976838173496
151.33305415646464,0.9999688990823801
151.35348851665913,0.9994936304855881
151.3739229768471,0.9997656730502226
151.3943572369244,0.9997843090524742
151.41479159688606,0.9997210961658045
151.43522595684044,1.0000628025579863
151.45566031668568,0.999634608408804
151.4760946764145,0.9999836691908852
151.49652903601964,1.0000998911129377
151.51696339563205,0.9998810977284057
151.53739775512804,0.999650430425692
151.55783211461676,0.9998476184149709
151.57826647399634,1.0000559597151855
151.59870093326026,0.999768462267698
151.61913519239897,1.000044197241582
151.63956955154572,1.0007220207981962
151.6804382694827,0.9999611246884714
151.7008726283966,0.9997460874374459
151.7213069871941,0.9997203310948627
151.74174134586792,1.0001012823824593
151.762175704549,1.0002167201573415
151.78261006311368,1.0000253901232445
151.8030443215539,1.000122761247097
151.82347878000292,1.0004204188996717
151.84391313833476,1.000222638095035
151.86434739654942,0.9999883351902876
151.88478185464191,1.0000210405904797
151.90521621274092,1.0002119474230249
151.92565047071548,1.0004138254606358
151.94608482869808,1.0000230389496298
151.9665192864486,1.0005162476779532
151.9869536441911,0.9998196818212343
152.0073879019401,0.9997721411869266
152.0278223594578,0.9995959531551567
152.04825671696744,1.0001922062362947
152.0686909743672,0.990777519902138
152.08912533176772,0.9803009608143467
152.1095597890453,0.9816556097377338
152.12999404621223,0.9810624817112142
152.1504284032635,0.9936004005324496
152.1708627603075,1.0002612466041254
152.19129711724236,0.9999799708747813
152.2117314740608,1.0004347832632678
152.23216583087924,0.9998707523736348
152.25260028757475,1.0001835329491047
152.2730345441596,1.0003355178570676
152.31390315708995,0.9998738049098439
152.3343376134435,1.0000607740844207
152.35477196967986,0.9997854248524198
152.3752062259082,1.000067677547648
152.3956406820289,1.0000658799002038
152.41607503802516,0.9999849378753576
152.4365093940287,0.9998570497894156
152.45694364979863,1.0002605576596224
152.4773781056865,1.0003874492332505
152.49781246133352,1.0000139848239964
152.51824671687064,1.0000746521675346
152.538681172402,0.9998520271720004
152.55911552793987,1.0001074978869056
152.57954978324415,1.0001512835520479
152.5999841385492,1.0002394021781067
152.6204185937313,0.999899341925756
152.64085284880275,0.999922974871144
152.68172155882348,0.9999031829393967
152.70215591366286,0.9998098789557616
152.72259026838583,0.9998139666849006
152.74302462310152,0.9998333062811103
152.76345907770883,1.0000204245102464
152.78389333219093,0.9998350782880631
152.80432768668106,0.9994668560867753
152.82476194105402,0.9995101425822447
152.8451963953121,0.9994452312132152
152.8656307494457,0.9997836429678776
152.88606500358583,0.9996964620080647
152.9064994576038,0.9998031611208956
152.92693381151184,1.000152689796425
152.9473681653035,1.0000576447479967
152.96780241909437,0.9997327543864925
152.98823687276308,1.0000401426454903
153.0086712263219,0.9999296058276369
153.02910547987995,1.000053786332745
153.04953993331583,0.9999840247345562
153.0699742866418,0.9998606052461999
153.0904085398506,1.0003857670597052
153.1108428930529,1.0001076994219589
153.13127734614682,0.9997210039818023
153.1517115991228,1.000313991641081
153.17214595197584,0.9995619164913612
153.19258030483616,0.9997885091353621
153.21301475758082,0.9998257339537124
153.23344911020104,0.9995383177185101
153.25388336271135,1.0003209833560562
153.2743178152159,0.9998926118800076
153.29475216761057,0.9999219047568203
153.31518641988805,1.0000070620547676
153.3356207721663,1.0001193377211959
153.35605512420443,0.999981464724243
153.37648947624984,1.0002718392632397
153.39692382829526,0.9999996620340644
153.41735828010133,0.9998167706581832
153.4377926319139,0.9998221690835108
153.4582268836093,0.9997742472328537
153.4786612351818,1.0018588926593188
153.4990956867623,1.000058805335031
153.51952993810846,0.9998859869115454
153.5399642894481,0.9997452024228908
153.5603987407958,0.9857292261908167
153.58083299190912,0.979202051633375
153.60126734301593,0.9788031810561333
153.6217016940136,0.9832318221378061
153.64213604489487,0.9979592282202374
153.66257039565244,1.0000046964970244
153.68300474641728,0.9999699420144722
153.70343899706495,1.0001392820656365
153.72387344759045,0.9999766761443013
153.74430779812246,1.0004969097833232
153.7647420485373,1.0005950747920527
153.78517649882997,0.9997442977773799
153.80561084901274,0.999782875766987
153.82604509907833,1.0001984290809818
153.8464794491374,0.9996327108370707
153.8669138990881,1.0000906075695175
153.88734814892086,1.000055196605791
153.9077824986307,1.000178863847194
153.92821694834856,0.9999331029979132
153.94865129794925,1.000478525191839
153.9690855474255,1.0000589416901169
153.98951989679335,1.0001929421585334
154.00995434616198,0.9999663928139418
154.03038859540538,0.9996024425741596
154.050822944424,0.9999339186066819
154.0712573935598,0.9999429509931991
154.09169164245395,0.9999519823282836
154.11212599135615,0.9999129714073457
154.13256034014194,0.9999932425347688
154.15299468880403,1.0002368659208325
154.17342903735698,1.0000380030979303
154.19386338590994,1.000078698337704
154.2142977343392,0.9998563857956418
154.23473208265932,0.9997474682277092
154.25516643086303,1.0000571830515137
154.2756006790587,1.0002348645092736
154.29603512714675,0.9997077032735713
154.31646947511763,0.9997170533898041
154.33690372296405,1.0001575688823499
154.3573380707021,1.0000391826426742
154.3777725184409,1.0001217152283286
154.3982067660545,1.00003106700635
154.41864111355972,1.0003027589227882
154.43907556094928,1.0003716233389053
154.4595099083308,1.0004327892639808
154.479944155486,1.000378127859765
154.50037850264198,1.000067753927663
154.52081294979143,1.0003671521274635
154.5412471967138,1.0000859947215843
154.56168154363695,1.000204097361038
154.58211599043716,0.9997586947564865
154.6025502371267,1.00013412167465
154.6229845837006,1.0002882979852514
154.6434189301508,1.0000995901413785
154.66385327660828,1.0002014792190523
154.68428762294934,0.9997832622036079
154.7047219691667,0.9997229052697472
154.7251564152757,1.0000941625120083
154.74559066138318,0.9999013228110101
154.76602500736772,1.0004948805677414
154.7864593531267,0.999989408225017
154.8068936988857,0.9997843044875144
154.8273280446374,1.0000347826911453
154.8477622901628,0.9996286126211015
154.8681967356897,0.999411777479136
154.88863108109217,0.9998361201637802
154.9090654263855,0.9999223700211036
154.92949977167882,0.9995833924207849
154.94993411673204,0.9993781015460498
154.97036846179253,0.9994693882377912
154.9908028067366,0.9999280867014011
155.01123705155624,0.9994685553324081
155.03167149638466,0.9969832748915547
155.0521058409795,0.9810693685663568
155.07254008557356,0.9795989996509069
155.09297453004547,0.9808204933016702
155.11340887440747,0.9859721825300957
155.13384311864502,0.9999931665794729
155.1542774628906,1.0002834591886667
155.17471190702054,1.000264987257655
155.19514625102602,0.9999152810743082
155.2155804949216,1.0001244294045624
155.23601483870152,1.000004365194615
155.25644928247493,1.0006155986853882
155.29731786956836,0.9999630408550708
155.31775231299252,1.0003568379965209
155.33818655642244,1.0001970725409035
155.3586208996203,0.9996928956971578
155.37905524281086,1.0002548244459204
155.3994895858923,1.0007487619986304
155.41992392885732,1.0003216042067546
155.44035827170592,1.0001013782074841
155.4607927144316,0.9996716112134257
155.48122695716302,1.0004406993841704
155.5016612997715,1.0004482491016944
155.5220955422701,1.0005426019488766
155.5425299846538,1.000046311420731
155.58339856917883,1.0001704662846633
155.60383301121328,1.0002559976031145
155.6242673532397,1.0002399357852763
155.64470169515698,1.0002622064355324
155.66513593695709,1.0004532822259853
155.6855703787587,1.0001961603189324
155.70600472031947,1.0004654724003952
155.72643896188674,1.000504889134931
155.74687330333836,0.9998391327212618
155.76730774466705,1.0003827810306758
155.78774198588508,1.0006501313734175
155.80817632710387,1.0002363218521912
155.8286107680833,1.0000120735593532
155.8490450090685,0.9999441751225316
155.86947934993805,1.0001434680128292
155.8899136906839,1.0004647868585308
155.9103481314378,1.0000899785199129
155.93078237195732,1.0000087728114921
155.95121671247034,1.0002389561312837
155.97165115287498,0.9999250381299304
155.992085393038,1.000384835107027
156.01251973332546,1.0005338128090855
156.03295397337934,1.000023231305863
156.05338841331832,1.0001698298189823
156.07382275324926,1.0005551496862992
156.09425709307106,1.0001410910281516
156.11469143276918,1.0000539167983193
156.13512577235815,0.9999482615459934
156.1555601118307,0.9993252645590847
156.1759943511861,1.0000170534257307
156.19642879053572,1.00030539822268
156.21686312977545,1.0003042073022874
156.237297368898,0.9998671072354408
156.25773170789762,0.9999706906376823
156.27816614678886,1.0000209149633337
156.29860038556217,1.0001779190175857
156.31903472432896,0.9995868180126743
156.33946916298737,1.0000906450689657
156.35990340152784,0.9996820921507726
156.3803377399454,0.9996314458927384
156.4007720782538,0.9996827502776064
156.42120651644655,0.9997461858887957
156.4416407546305,0.9997464731127852
156.46207509258966,0.9996067232816284
156.4825095305423,0.9997912174100817
156.50294376838428,0.9995881876682485
156.5233781061106,0.9919526128895739
156.54381244372053,0.9797073222892413
156.56424678120675,0.9780531683215752
156.58468111870025,0.981211117777153
156.60511545607733,0.9917063878219181
156.62554979333072,1.000210052078167
156.64598413047497,0.9997254705306149
156.6664184675028,1.0002475678433687
156.68685280440695,0.9997860952901312
156.70728714120196,0.9995704333619593
156.72772147799697,1.0000440315049361
156.74815581455186,0.9996472386206607
156.76859005111328,0.9997855163506056
156.7890244875598,0.9996298757686592
156.80945882388187,0.9998556811729473
156.8298931600948,1.0000736996074284
156.85032749630773,0.9996893058823156
156.87076183228055,0.999896834795437
156.89119616826065,1.0002240103187483
156.91163040412357,0.999970953538167
156.93206483986432,1.0002465112215366
156.95249917549518,1.0002480246503958
156.97293341100885,0.9995683553137428
156.99336784640036,0.9999075926478089
157.01380218179838,0.9998622722528904
157.0342364169628,0.9999986207978461
157.05467075212073,1.0000512979671552
157.07510518717027,0.9996328857823827
157.09553942210187,1.0001882918687095
157.11597375691053,0.9997347213093479
157.13640819161083,0.9998254715976441
157.15684252619394,1.0000270826611533
157.17727676076902,1.0004028466834458
157.19771109523572,1.0005903854807823
157.21814552947035,1.0002389372231302
157.23857976369618,0.9999763358049161
157.25901409781363,1.0002317901437603
157.27944843181467,1.0001086202874925
157.29988276569202,0.9997568347974515
157.32031709957664,0.9999115137952477
157.34075143322843,1.0000246956571959
157.36118576687295,1.0000264719028504
157.38162010040833,1.0003560108449179
157.40205443371087,1.000494747114578
157.42248866701266,1.0001551440362695
157.4429231003087,1.0001357067360512
157.4633574333784,1.0004418451151529
157.48379166632367,1.0001460040009786
157.50422609916131,1.000544172847612
157.5246604319982,1.0005173843501376
157.54509466471063,1.0002967944222816
157.56552899719827,1.000134971826852
157.58596342968667,1.0008371867240544
157.60639766204986,1.0007161122596608
157.62683199430467,0.999772850167691
157.64726642656024,1.000150837458655
157.66770075857494,1.0001978639031903
157.68813499047974,1.000010114740438
157.7085693223853,1.000504076405131
157.72900375416793,1.0005395057935917
157.7494379857235,1.0003047282387407
157.7698723172798,1.000189706695498
157.7903067487132,0.9999524220820505
157.81074098003592,1.0002694520590056
157.8311753113594,1.000266380176211
157.85160964244278,1.0001855862133309
157.87204397341702,1.0003422298762912
157.89247830439126,1.0003042084099092
157.9129126351254,1.0000788451401752
157.93334686586604,1.0002221153020887
157.9537812964918,0.9998611556477038
157.9742156269931,1.000021022236684
157.9946498573845,1.0000629785430286
158.015084287661,0.9879288495721846
158.03551861781307,0.9807595362820268
158.05595284797164,0.979221392097324
158.07638717789814,0.9812220396369544
158.09682160781813,0.9965540309155277
158.1172559375118,0.9998368251743842
158.1376901672047,0.9996997802942807
158.15812459677545,1.0000135599378965
158.1785589262363,0.9998664324696962
158.19899315557996,0.9997780920776936
158.2194274848007,0.999616817573311
158.23986191391305,1.000028860643187
158.28073047178623,1.0000292188267663
158.30116490065848,0.9999282907733353
158.32159922942083,1.0004309579283142
158.3420334579423,0.9997701609700054
158.36246778647183,0.9997292177694704
158.3829022148857,0.9995831521721485
158.40333654305869,1.0000343337500817
158.4237707712382,0.9999443945201243
158.44420509941847,1.00001143667732
158.4646395273594,0.9997089317148776
158.48507375518966,0.9997423771812618
158.50550808290427,1.0001830740215039
158.52594251061237,1.000488285556251
158.5463767380934,1.0000538233029008
158.56681106557517,0.9997920310528812
158.58724539281684,1.0004397378082053
158.6076797200658,1.000040181499941
158.62811404719832,1.0000575242909924
158.64854837421444,0.9998408896242248
158.66898280110763,1.000427066123876
158.68941702789016,1.0000178626594871
158.70985135454976,1.0001723110152687
158.73028558109945,0.9997081153761296
158.75072000753426,0.9999103301269244
158.77115433385188,0.9996854806672936
158.79158866016223,1.0000759873334715
158.81202298624703,1.0001036886458454
158.83245731232455,0.9999672344331985
158.85289163829293,1.0002545709443749
158.87332586402772,0.9999994485027113
158.89376028976403,1.0002067005067696
158.9141946153759,1.0000062264470262
158.93462884087785,1.0008353913321297
158.95506326625764,0.9997505102837505
158.97549759152753,1.0000546401853843
158.99593181668024,1.0000859316196216
159.0163661417173,0.9996947638968728
159.03680056663143,1.000269296829768
159.0572347915513,0.9999673195717553
159.07766911623912,1.000428210466207
159.09810344080324,0.9996332455228568
159.1185378653754,1.0000208711116154
159.1389720897132,1.000255011407592
159.1594064140445,1.0003300474324364
159.1798408382674,1.0003613895436532
159.2002750622487,0.9999808712368685
159.220709386238,0.9999303789501355
159.24114361011016,0.9998983369780063
159.2615780338674,1.0000917508857898
159.2820123575002,1.0001838345075105
159.30244668102387,1.0006097146806523
159.32288100442383,1.0003518420975919
159.34331532771466,1.0001514710573192
159.36374965088908,1.0000459141764144
159.38418387406273,0.9996876052580673
159.4046182969978,1.000071780438773
159.42505261993938,1.0000729778798871
159.44548684264737,0.9998791860809932
159.4659212652332,1.0001840773738622
159.48635558782553,0.9985622762298666
159.50678981018427,0.9830626546070765
159.5272241325365,0.9793130440932204
159.54765855478036,0.9803522657344589
159.56809277678985,0.9840932833664525
159.58852709879284,0.9993329342831201
159.60896142068668,0.9995111240659328
159.62939584246487,0.9999028709800526
159.64983006411785,1.0001335217840626
159.67026438566245,1.0000090431118984
159.69069880708412,0.9997561237786082
159.71113302839512,0.9995607795289655
159.73156734959048,0.9996982622362629
159.75200167066942,0.999825024072209
159.77243599162466,0.9997154670730855
159.79287031247077,0.9997117007350194
159.81330463331687,1.00007172503228
159.83373895392288,0.9995748690703693
159.85417327441974,1.0000414909797208
159.8746075949166,0.9997475122978186
159.8950418151726,0.9995236573357109
159.91547623532097,0.9997426687200904
159.93591055546858,1.0003868501855189
159.9563448753761,0.9998244361675703
159.97677919529087,1.0000854577511242
159.99721351508924,1.0004064363995686
160.0176478346475,0.9996751811167585
160.03808215421304,1.0001315122801182
160.05851647354575,0.9997426409492624
160.07895079287118,0.9999881692225455
160.09938511208748,1.0000760378717217
160.1198193311866,1.000119644455296
160.14025375016354,1.000196835599511
160.16068806891417,0.9999712873493264
160.18112228766404,0.9999581638596976
160.20155670629174,1.0000825393355588
160.22199102480954,1.000223913614782
160.24242524321016,1.0001605616391998
160.26285956148786,0.9999780887362784
160.28329397965717,0.9999466537355411
160.30372819770855,1.0001880524830895
160.324162515637,1.0000323094228445
160.34459693345707,1.000156074500757
160.36503125115996,1.000486383336591
160.3854654687384,1.0004152164222955
160.40589978620847,0.9998982918388741
160.42633420356287,1.0004428649986519
160.44676842090848,0.9998315636487295
160.4672027380293,1.000152111307315
160.48763715503446,0.9997983599380882
160.5080713719144,1.0000320026821345
160.52850568868598,1.000237958845418
160.54894000545755,1.000110825720528
160.56937432198902,1.0002068739042629
160.58980863841134,1.0002827012967879
160.61024295483367,1.0003232866865241
160.6306771710224,0.9999425127454188
160.65111158708896,1.0006040802673315
160.67154590316204,1.0003190017823822
160.69198011899425,1.0000901623707636
160.71241453471885,0.9999381754056137
160.73284885044268,1.0002393816924648
160.75328306592564,0.9999838316539451
160.77371738130023,1.0000375819750367
160.79415179667558,1.0006583329052359
160.81458611181006,1.0000278055734337
160.83502032695105,0.9998238154035908
160.85545474186074,0.9998937658016245
160.8758890567624,0.9994153342167506
160.89632327143772,0.9995495150162984
160.9167575859974,0.9998374508941601
160.93719200055057,0.9992899447214217
160.95762621487665,0.9995808329405172
160.9780605292035,0.9941036266063208
160.998494943291,0.9802708504911943
161.01892915738426,0.9783668592529935
161.03936347124545,0.9788370112245649
161.05979778509936,0.9883819685258768
161.08023209872772,0.998524620520077
161.10066641223966,0.9988339582245372
161.12110072574433,0.9987938632989976
161.1415351390242,1.000480229692467
161.16196935230255,0.9989400848523752
161.18240366534155,0.9989455577502233
161.20283787838707,0.9987212879144896
161.22327229120128,0.9991035579315785
161.26414091658808,0.9991895776086265
161.28457512905152,0.9991981438835192
161.3050095415092,0.9989112926506524
161.32544385374058,0.9997718463492531
161.34587806585478,0.9992500174370365
161.36631247796322,0.9994978445287253
161.38674678984535,0.9991637598079081
161.4071810017267,0.9990658425268424
161.42761531336873,0.9997555466317488
161.44804972490238,0.9992993924937099
161.4684839364345,1.0001499522049357
161.48891824773455,0.9995979033785142
161.50935265891167,0.9997123583291645
161.52978686997812,0.9997271113581464
161.55022118103807,0.9999975438974689
161.57065549187246,0.9997055766948744
161.5910899025912,0.9998829699707783
161.611524113192,1.0001397202654805
161.63195842366986,1.0000199113930222
161.65239283415576,0.999859888618984
161.6728271444008,0.9998177711007613
161.69326135453593,0.999630026909362
161.71369566455542,1.0003543530419599
161.73413007445197,0.9998626250679081
161.75456428423786,0.999992903831902
161.7749985939081,1.0001867158013502
161.79543290345464,1.0000873708078026
161.81586721289204,1.0001839793524263
161.83630152221303,1.0004158636547313
161.8567358314176,1.0000788045329096
161.87717024049925,1.0003351978994912
161.89760444947024,1.0005551845977787
161.9180387583183,1.0005790987818541
161.93847296694003,1.0004168154630528
161.95890737556329,1.0007525658484324
161.97934168406937,1.00004549124166
161.99977599245176,1.0002576255212958
162.0202103006086,1.0009529215000907
162.04064460875816,1.0003528063534375
162.06107891679858,1.0012325151945067
162.0815131246054,1.0001942112918816
162.10194753241376,1.0002337113372204
162.12238183998124,1.0001650621620382
162.14281604755524,1.0004597658135568
162.16325045489066,1.000672257021313
162.1836847622326,1.0006517931424024
162.20411896934093,1.0002350200736623
162.22455327645002,1.00050902189419
162.24498768331978,1.0002412068277515
162.26542189007887,1.0000860620713605
162.2858561967223,1.0001861209211496
162.30629060335923,1.0000034926994776
162.32672490976984,1.0004540549636283
162.34715911606327,0.9999460272720722
162.36759342223377,0.9995278264908499
162.3880278282959,1.0000008752265939
162.4084620342328,0.9996767844931514
162.42889634006133,0.9997549517515478
162.44933054577268,0.9995511457947246
162.46976495136914,0.9899105829818525
162.49019925672474,0.9803226031994026
162.5106329620903,0.9788357084087908
162.53106736733025,0.9814237409468114
162.5515015723431,0.9943806989456172
162.57193587734946,0.9998063952808475
162.59237018224667,1.0002183519554328
162.6128045869118,1.0001004484475298
162.63323879157542,1.0001378558716638
162.6536730959997,1.0002126719048379
162.67410750031559,0.9998731698813742
162.69454170462268,1.0002315219953604
162.71497600870498,0.9998256150038195
162.73541031267087,0.9997379074620257
162.75584461652033,0.9998588364689612
162.7762789202461,1.000065941286805
162.79671322386275,0.9999399755608813
162.8171475273557,1.00023734125167
162.8375818307395,0.9998807854481749
162.8580161340069,1.0000961203077448
162.87845033715712,0.9997834863884041
162.89888474018517,0.9999249883922945
162.9193190429869,0.9995859954107325
162.93975324578787,0.9997294117280932
162.9601875484659,0.9998684405988342
162.98062195091916,0.9999810171436933
163.00105615325447,0.9993413815358665
163.02149045558326,1.000004692523072
163.04192485768726,0.9997305363305677
163.0623591596668,1.0002281091858374
163.08279336165288,1.000018893522685
163.10322766340687,1.0000065438258423
163.1236620650452,0.9997691540103953
163.14409626655834,1.0000073805973337
163.16453056796308,1.000256522806691
163.1849649692449,1.0000003379659357
163.20539917029964,1.000068339023433
163.22583347135514,1.0000131156626673
163.24626777229423,1.000040646437404
163.2667020729932,0.9996197182683804
163.28713637369947,0.9999099047828848
163.3075706741729,0.9996524800411625
163.3280050746398,1.0002374698930196
163.34843927487964,0.999846889601354
163.36887357500382,1.0004697054466851
163.38930777500354,1.000106189280787
163.40974217489565,1.0004044941590986
163.4301764746706,0.999710674545983
163.45061067432107,0.9999117818593927
163.47104507386393,1.0000917752581362
163.49147937328962,1.0004188958606675
163.5119136724752,1.000098022771474
163.5323478716673,1.0005351458010647
163.5527822706208,1.000419080734417
163.57321656958084,1.0003822784900107
163.59365076830727,1.000344029253935
163.61408506691805,1.000129587202295
163.63451946552232,1.0000288373605524
163.6549536638995,1.0005962629164344
163.67538796216104,1.0003704974348748
163.69582236029964,1.0008630603713617
163.71625655821117,1.000337315950158
163.73669085612346,1.0005704410863137
163.75712515391206,1.0002940427263725
163.7775594514751,1.0002786933821082
163.79799374903814,1.0006192778499554
163.81842804636108,1.0004860120297572
163.83886244369205,1.0005167018042829
163.85929664078867,1.0004656195067376
163.87973093776236,1.0006619844466604
163.90016513462615,1.0007751711971313
163.92059953137505,1.000879813227367
163.9410338279995,1.0000633756903103
163.9614681245148,0.9845287554815764
163.98190242079727,0.9810663315834594
164.00233671707247,0.9797615689650324
164.0227710131221,0.9824597012149201
164.043205209171,0.9979300165540136
164.0636396049813,0.9997091051445895
164.0840739006817,0.9998345407626095
164.10450819626567,1.0001162303901379
164.1249423917252,0.9992192054518021
164.1453767870771,0.9998477949727511
164.1658109823111,0.9998215582624784
164.18624527742213,0.9996857062263576
164.20667967230838,0.9991262758149457
164.2475481618385,0.999272991963522
164.26798245649115,0.9991070061318311
164.28841675091098,0.9995900490903701
164.30885104520712,0.9992519471260842
164.32928533939412,0.9993919301731882
164.34971973346546,0.9989247717733387
164.37015402741235,0.9996555538621773
164.39058822113293,0.9994550613867003
164.41102251485427,0.9989601792034569
164.4314568083355,0.9989745591492636
164.451891101824,0.9989638154011505
164.47232539507968,0.9991925828485134
164.49275978821242,0.9991881448612727
164.5131939812345,0.9997964166733154
164.53362827414094,0.9997411356480337
164.55406256692368,0.9998112343073964
164.57449685948086,0.9994957890867742
164.59493115203804,0.9988709012794826
164.61536544435512,0.9997294601664031
164.6357996366787,0.9999517969015457
164.656234028771,0.9996449998918615
164.67666832073883,0.99960168649182
164.69710261259752,0.9997387818825685
164.7175369043398,0.9998355753901342
164.73797119595838,0.99968567656307
164.7584054873514,0.9999311857807982
164.77883967874368,0.9996859674067814
164.79927406989736,1.0002331908002748
164.81970836094115,1.000349664610211
164.84014255198417,1.000358934089536
164.8605769426722,1.0005912335193439
164.88101123348315,1.0004568268297978
164.9014454240605,1.0012589184937186
164.92187971439853,1.0006404175588657
164.94231410474458,1.001070949040745
164.96274829485628,1.0015083942365408
164.98318258496874,1.0009924785839521
