NMeta,Pi,Time
1,3.1403672000,0.004994366
2,3.1426568000,0.002106791
3,3.1404016000,0.003520532
4,3.1406392000,0.004627618
5,3.1418336000,0.009965970
6,3.1412992000,0.010187004
7,3.1421424000,0.010033827
8,3.1416048000,0.006932902
9,3.1422424000,0.002532709
10,3.1412440000,0.002244410
11,3.1416936000,0.002295685
12,3.1412952000,0.002349386
13,3.1418904000,0.002162936
14,3.1418232000,0.002346821
15,3.1413176000,0.002322456
16,3.1417616000,0.002252544
17,3.1408568000,0.002341201
18,3.1423680000,0.002504346
19,3.1420480000,0.002256962
20,3.1411560000,0.002318158
21,3.1419280000,0.002374122
22,3.1422080000,0.002330771
23,3.1404456000,0.002237857
24,3.1420616000,0.002422914
25,3.1413008000,0.002441769
26,3.1416200000,0.002244700
27,3.1418184000,0.002816441
28,3.1400968000,0.004044414
29,3.1421560000,0.002341882
30,3.1398976000,0.002233308
31,3.1408896000,0.002246513
32,3.1402992000,0.002310773
33,3.1409232000,0.002234751
34,3.1426928000,0.002328367
35,3.1408880000,0.002138150
36,3.1415400000,0.002250129
37,3.1421096000,0.002349797
38,3.1423256000,0.003134499
39,3.1431224000,0.002301726
40,3.1415608000,0.002283833
41,3.1408160000,0.002279255
42,3.1417424000,0.002305143
43,3.1415488000,0.002186079
44,3.1409576000,0.002264768
45,3.1423296000,0.002300574
46,3.1411504000,0.002245281
47,3.1415080000,0.002255019
48,3.1419056000,0.002297087
49,3.1418504000,0.002266771
50,3.1406232000,0.002264987
51,3.1436088000,0.002109366
52,3.1403960000,0.002198583
53,3.1409304000,0.002272141
54,3.1417640000,0.002190438
55,3.1413808000,0.002273684
56,3.1424832000,0.002199906
57,3.1423560000,0.002195778
58,3.1420688000,0.002302899
59,3.1419080000,0.002189917
60,3.1419640000,0.002188845
61,3.1411304000,0.002290205
62,3.1428552000,0.002262302
63,3.1429232000,0.002189727
64,3.1429424000,0.002263805
65,3.1417912000,0.002189006
66,3.1428208000,0.002299642
67,3.1425592000,0.002251563
68,3.1407888000,0.002390984
69,3.1426104000,0.003184652
70,3.1413208000,0.002127009
71,3.1402488000,0.002457369
72,3.1416936000,0.002138861
73,3.1411184000,0.002459522
74,3.1411216000,0.002189536
75,3.1421464000,0.002209804
76,3.1420456000,0.002415360
77,3.1405144000,0.002194285
78,3.1412448000,0.002189436
79,3.1406056000,0.002434495
80,3.1417128000,0.002112763
81,3.1428816000,0.002206738
82,3.1424184000,0.002414488
83,3.1413288000,0.002201900
84,3.1414464000,0.002467788
85,3.1422768000,0.002190468
86,3.1421784000,0.002203592
87,3.1408416000,0.002422684
88,3.1407856000,0.002193203
89,3.1410696000,0.002204113
90,3.1415992000,0.002468049
91,3.1415792000,0.002117090
92,3.1418392000,0.002450576
93,3.1424064000,0.002204434
94,3.1413640000,0.002120026
95,3.1421224000,0.002458160
96,3.1419968000,0.002204564
97,3.1419712000,0.002487115
98,3.1408160000,0.002121408
99,3.1415912000,0.002206728
100,3.1409424000,0.002442932
101,3.1423904000,0.002109987
102,3.1420208000,0.002210666
103,3.1411224000,0.002490370
104,3.1404368000,0.002205025
105,3.1422448000,0.002437391
106,3.1416104000,0.002203613
107,3.1408240000,0.002197141
108,3.1418928000,0.002480451
109,3.1407928000,0.002154431
110,3.1406144000,0.002461446
111,3.1426448000,0.002203362
112,3.1408312000,0.002195878
113,3.1412256000,0.002501080
114,3.1428680000,0.002197821
115,3.1419376000,0.002199926
116,3.1414880000,0.002460965
117,3.1422712000,0.002196029
118,3.1417944000,0.002202761
119,3.1425328000,0.002384832
120,3.1421944000,0.002205927
121,3.1416872000,0.002472858
122,3.1417568000,0.002133521
123,3.1411152000,0.002239239
124,3.1406456000,0.002431540
125,3.1404352000,0.002205226
126,3.1407216000,0.002502974
127,3.1423144000,0.002199755
128,3.1409576000,0.002212880
129,3.1416136000,0.002477376
130,3.1426480000,0.002206839
131,3.1420872000,0.002204284
132,3.1414080000,0.002477005
133,3.1412800000,0.002205516
134,3.1421360000,0.002433855
135,3.1421656000,0.002201639
136,3.1418952000,0.002213160
137,3.1416336000,0.002437962
138,3.1429536000,0.002205286
139,3.1411976000,0.002141316
140,3.1416520000,0.002458470
141,3.1421576000,0.002219653
142,3.1423280000,0.002204214
143,3.1409088000,0.002428194
144,3.1433160000,0.002205385
145,3.1406392000,0.002435758
146,3.1425480000,0.002108485
147,3.1409432000,0.002204734
148,3.1413800000,0.002429206
149,3.1417120000,0.002510178
150,3.1427216000,0.002412183
151,3.1422976000,0.002205266
152,3.1417568000,0.002207079
153,3.1423592000,0.002436129
154,3.1414616000,0.002218591
155,3.1417264000,0.002455324
156,3.1419448000,0.002104146
157,3.1396392000,0.002202260
158,3.1423760000,0.002484078
159,3.1404552000,0.002109366
160,3.1417072000,0.002196349
161,3.1414344000,0.002492013
162,3.1411080000,0.002218169
163,3.1414576000,0.002207821
164,3.1418424000,0.002480001
165,3.1420936000,0.002198723
166,3.1400376000,0.002445346
167,3.1422608000,0.002145504
168,3.1403816000,0.002336612
169,3.1413696000,0.002543259
170,3.1421248000,0.002467126
171,3.1431728000,0.002458341
172,3.1424496000,0.002098796
173,3.1428720000,0.002213000
174,3.1401072000,0.002475492
175,3.1420720000,0.002124434
176,3.1422520000,0.002225974
177,3.1407608000,0.002432281
178,3.1419088000,0.002203602
179,3.1406520000,0.002401624
180,3.1418120000,0.002169589
181,3.1417672000,0.002214673
182,3.1413920000,0.002943360
183,3.1411544000,0.002177383
184,3.1421664000,0.002136136
185,3.1406648000,0.002460584
186,3.1418072000,0.002474030
187,3.1421024000,0.002453952
188,3.1421408000,0.002186070
189,3.1402928000,0.002182152
190,3.1415416000,0.002419768
191,3.1419240000,0.002264858
192,3.1415880000,0.002430778
193,3.1410744000,0.002231013
194,3.1404256000,0.002194575
195,3.1418880000,0.002451808
196,3.1418920000,0.002199064
197,3.1409192000,0.002434265
198,3.1408408000,0.002241263
199,3.1414648000,0.002183795
200,3.1418896000,0.003745194
201,3.1400056000,0.004915829
202,3.1415632000,0.002539673
203,3.1406584000,0.004776738
204,3.1417208000,0.011678541
205,3.1430840000,0.014268027
206,3.1422200000,0.018295290
207,3.1417112000,0.015772609
208,3.1416096000,0.019155544
209,3.1432440000,0.016812389
210,3.1415568000,0.012106935
211,3.1413192000,0.017524325
212,3.1407944000,0.016593258
213,3.1408768000,0.018996215
214,3.1415072000,0.019187924
215,3.1420536000,0.015510779
216,3.1408880000,0.012472600
217,3.1415152000,0.016159925
218,3.1409328000,0.016027448
219,3.1400328000,0.017030779
220,3.1409664000,0.014939867
221,3.1408424000,0.017490370
222,3.1421552000,0.014021115
223,3.1422656000,0.013984707
224,3.1429752000,0.015003497
225,3.1415288000,0.014380258
226,3.1427640000,0.014733280
227,3.1421480000,0.012452183
228,3.1407896000,0.018105925
229,3.1411760000,0.016484194
230,3.1420136000,0.014114389
231,3.1420648000,0.015880301
232,3.1405824000,0.016703294
233,3.1415744000,0.017160231
234,3.1416128000,0.015135054
235,3.1423840000,0.016697113
236,3.1406792000,0.017795533
237,3.1407384000,0.015217668
238,3.1399600000,0.015401904
239,3.1412312000,0.016400877
240,3.1424992000,0.014279790
241,3.1419496000,0.015165070
242,3.1420304000,0.015554711
243,3.1414424000,0.015189125
244,3.1422248000,0.014775339
245,3.1408056000,0.015355617
246,3.1401264000,0.014790037
247,3.1413464000,0.016035012
248,3.1414656000,0.015013145
249,3.1427648000,0.014762565
250,3.1413672000,0.017718469
251,3.1409304000,0.017018726
252,3.1413968000,0.016680592
253,3.1413232000,0.014410034
254,3.1411984000,0.016364118
255,3.1415368000,0.017652435
256,3.1414744000,0.013548328
257,3.1395088000,0.008876988
258,3.1415752000,0.002749005
259,3.1400280000,0.002541757
260,3.1412104000,0.002331332
261,3.1416880000,0.002245281
262,3.1415640000,0.002346691
263,3.1423280000,0.002182463
264,3.1424272000,0.002216807
265,3.1410976000,0.002348535
266,3.1407632000,0.002220704
267,3.1401992000,0.002372670
268,3.1420096000,0.002217980
269,3.1415056000,0.002217077
270,3.1418416000,0.002351620
271,3.1430280000,0.002202340
272,3.1419648000,0.002204905
273,3.1424176000,0.002331382
274,3.1432480000,0.002133231
275,3.1413864000,0.002315482
276,3.1418816000,0.002213702
277,3.1407888000,0.002203422
278,3.1409008000,0.002310363
279,3.1415792000,0.002162866
280,3.1424736000,0.002205186
281,3.1419984000,0.002333967
282,3.1420232000,0.002204284
283,3.1399456000,0.002250821
284,3.1422304000,0.002214172
285,3.1412456000,0.002197682
286,3.1412264000,0.002319780
287,3.1406000000,0.002210135
288,3.1413136000,0.002207380
289,3.1424056000,0.002383760
290,3.1405856000,0.002211978
291,3.1425088000,0.002218189
292,3.1411320000,0.002331864
293,3.1428424000,0.002210094
294,3.1407104000,0.002305514
295,3.1409752000,0.002117932
296,3.1411680000,0.002223169
297,3.1408456000,0.002347693
298,3.1417472000,0.002225383
299,3.1405936000,0.002215265
300,3.1430000000,0.002328797
301,3.1423624000,0.002249258
302,3.1415192000,0.002305053
303,3.1415080000,0.002121338
304,3.1410696000,0.002203202
305,3.1417208000,0.002351761
306,3.1411096000,0.002202240
307,3.1427000000,0.002207770
308,3.1415912000,0.002360086
309,3.1422672000,0.002204595
310,3.1409848000,0.002202290
311,3.1410624000,0.002333005
312,3.1411736000,0.002206869
313,3.1431040000,0.002319600
314,3.1413304000,0.002202851
315,3.1430368000,0.002207530
316,3.1416400000,0.002352843
317,3.1412600000,0.002196659
318,3.1406392000,0.002330300
319,3.1407232000,0.002207811
320,3.1404800000,0.002199986
321,3.1426720000,0.002319940
322,3.1431000000,0.002209573
323,3.1415000000,0.002205767
324,3.1419600000,0.002449474
325,3.1425344000,0.002203312
326,3.1405672000,0.002398748
327,3.1412032000,0.002115027
328,3.1415984000,0.002208381
329,3.1415200000,0.002396455
330,3.1414000000,0.002209704
331,3.1416960000,0.002147928
332,3.1419656000,0.002423565
333,3.1422192000,0.002203162
334,3.1412424000,0.002207520
335,3.1416520000,0.002406292
336,3.1419504000,0.002216327
337,3.1421792000,0.002447991
338,3.1417440000,0.002106961
339,3.1418504000,0.002199876
340,3.1409184000,0.002425298
341,3.1416624000,0.002205907
342,3.1414960000,0.002223901
343,3.1427648000,0.002404810
344,3.1400912000,0.002204724
345,3.1428128000,0.002434606
346,3.1426872000,0.002104317
347,3.1432680000,0.002205816
348,3.1402656000,0.002425058
349,3.1424528000,0.002212680
350,3.1421104000,0.002208451
351,3.1426624000,0.002405200
352,3.1419272000,0.002206859
353,3.1418640000,0.002272191
354,3.1416136000,0.002282451
355,3.1404472000,0.002202490
356,3.1419600000,0.002281589
357,3.1415640000,0.002269496
358,3.1426928000,0.002216296
359,3.1422528000,0.002250821
360,3.1407808000,0.002279384
361,3.1398496000,0.002204695
362,3.1409400000,0.002279655
363,3.1415632000,0.002273824
364,3.1412536000,0.002280186
365,3.1418784000,0.002251141
366,3.1421160000,0.002200747
367,3.1426016000,0.002257904
368,3.1410392000,0.002287400
369,3.1420912000,0.002204053
370,3.1420088000,0.002278433
371,3.1401408000,0.002198453
372,3.1418216000,0.002294924
373,3.1411840000,0.002296347
374,3.1408816000,0.002234300
375,3.1409048000,0.002253306
376,3.1420344000,0.002295104
377,3.1424648000,0.002225443
378,3.1419632000,0.002291698
379,3.1408384000,0.002216497
380,3.1418696000,0.002285125
381,3.1427432000,0.002297860
382,3.1408360000,0.002205336
383,3.1417720000,0.002398177
384,3.1403864000,0.002234781
385,3.1416048000,0.002214223
386,3.1412624000,0.002318408
387,3.1416656000,0.002237756
388,3.1414184000,0.002273063
389,3.1410296000,0.002294964
390,3.1423240000,0.002212119
391,3.1415120000,0.002351289
392,3.1434472000,0.002223420
393,3.1411880000,0.002224261
394,3.1413680000,0.002320673
395,3.1416408000,0.002244669
396,3.1406192000,0.002223340
397,3.1412216000,0.002298460
398,3.1417704000,0.002223721
399,3.1408048000,0.002282821
400,3.1418128000,0.002306956
401,3.1420128000,0.002236645
402,3.1405160000,0.002338405
403,3.1424992000,0.002237466
404,3.1415872000,0.002213652
405,3.1419944000,0.002339066
406,3.1416872000,0.002257444
407,3.1423848000,0.002273353
408,3.1416240000,0.002286689
409,3.1418272000,0.002216717
410,3.1402968000,0.002316695
411,3.1420496000,0.002247996
412,3.1415480000,0.002237406
413,3.1411576000,0.002309731
414,3.1418768000,0.002220855
415,3.1421400000,0.002265008
416,3.1426480000,0.002328076
417,3.1410920000,0.002287891
418,3.1421192000,0.002270658
419,3.1410624000,0.002215625
420,3.1413144000,0.002378962
421,3.1411696000,0.002338115
422,3.1422664000,0.002322565
423,3.1411520000,0.003261898
424,3.1418376000,0.002175650
425,3.1422808000,0.002297859
426,3.1409824000,0.002249990
427,3.1404944000,0.002249699
428,3.1410296000,0.002388249
429,3.1403800000,0.002211998
430,3.1412440000,0.002222157
431,3.1408664000,0.002382779
432,3.1425200000,0.002246643
433,3.1421160000,0.002382178
434,3.1416352000,0.002217969
435,3.1397936000,0.002197041
436,3.1406616000,0.002375404
437,3.1416840000,0.002269285
438,3.1418320000,0.002255640
439,3.1414736000,0.002469962
440,3.1413296000,0.003314215
441,3.1407008000,0.002905779
442,3.1413000000,0.002694683
443,3.1421760000,0.002777850
444,3.1424592000,0.002287940
445,3.1421016000,0.002297628
446,3.1424888000,0.002718889
447,3.1407336000,0.002194125
448,3.1417816000,0.003096076
449,3.1420736000,0.002335680
450,3.1427760000,0.002493827
451,3.1419680000,0.002211307
452,3.1406160000,0.002226386
453,3.1413072000,0.002398127
454,3.1408144000,0.002210355
455,3.1392176000,0.002463671
456,3.1404760000,0.002221065
457,3.1409376000,0.002334358
458,3.1416328000,0.002455304
459,3.1418752000,0.002207730
460,3.1409184000,0.002187542
461,3.1412864000,0.002381406
462,3.1413584000,0.002233489
463,3.1428176000,0.002391956
464,3.1406848000,0.002208401
465,3.1409904000,0.002583535
466,3.1412088000,0.002371697
467,3.1414704000,0.002210625
468,3.1406928000,0.002394060
469,3.1413584000,0.002225153
470,3.1417728000,0.002206087
471,3.1421984000,0.002415801
472,3.1419080000,0.002227708
473,3.1407752000,0.002204654
474,3.1413096000,0.002381196
475,3.1409568000,0.002349296
476,3.1419472000,0.002394811
477,3.1405808000,0.002196720
478,3.1419144000,0.002207630
479,3.1423280000,0.002369323
480,3.1422344000,0.002232226
481,3.1412096000,0.002215085
482,3.1407056000,0.002384642
483,3.1415848000,0.002233148
484,3.1423712000,0.002204795
485,3.1415936000,0.002423665
486,3.1401136000,0.002234721
487,3.1401520000,0.002355157
488,3.1417088000,0.002228789
489,3.1424736000,0.002185800
490,3.1417728000,0.002422413
491,3.1412000000,0.002226425
492,3.1419080000,0.002393018
493,3.1426600000,0.002227918
494,3.1423648000,0.002207961
495,3.1406960000,0.002410240
496,3.1413680000,0.002225935
497,3.1419216000,0.002209834
498,3.1407248000,0.002402606
499,3.1419096000,0.002213190
500,3.1421712000,0.002385584
501,3.1413792000,0.002240642
502,3.1413272000,0.002235212
503,3.1423328000,0.002374513
504,3.1418880000,0.002200567
505,3.1412600000,0.002222739
506,3.1416432000,0.002425598
507,3.1439792000,0.002296988
508,3.1417448000,0.002649478
509,3.1406088000,0.002251732
510,3.1414032000,0.002220314
511,3.1421152000,0.002365757
512,3.1419072000,0.002205907
513,3.1416568000,0.002389571
514,3.1418032000,0.002238117
515,3.1428920000,0.002224952
516,3.1416920000,0.002371618
517,3.1418704000,0.002204865
518,3.1406648000,0.002194275
519,3.1419880000,0.002411583
520,3.1425312000,0.002262012
521,3.1406160000,0.002392437
522,3.1407712000,0.002211157
523,3.1416688000,0.002218109
524,3.1420944000,0.002418195
525,3.1414016000,0.002224992
526,3.1420568000,0.002215084
527,3.1409384000,0.002380956
528,3.1415512000,0.002240722
529,3.1418136000,0.002410490
530,3.1413216000,0.002235483
531,3.1397832000,0.005117357
532,3.1420984000,0.002398167
533,3.1420304000,0.002293872
534,3.1427928000,0.002231645
535,3.1427192000,0.002251493
536,3.1411456000,0.002367079
537,3.1419440000,0.002209243
538,3.1407344000,0.002224852
539,3.1419000000,0.002435879
540,3.1410120000,0.002241203
541,3.1419424000,0.002345579
542,3.1421992000,0.002205776
543,3.1422976000,0.002222358
544,3.1422848000,0.002402035
545,3.1420392000,0.002242726
546,3.1418872000,0.002205285
547,3.1418048000,0.002377899
548,3.1429656000,0.002192231
549,3.1419488000,0.002428855
550,3.1414744000,0.002239871
551,3.1411736000,0.002209473
552,3.1429136000,0.002383429
553,3.1414152000,0.002216527
554,3.1419944000,0.002391836
555,3.1416552000,0.002254929
556,3.1415832000,0.002218440
557,3.1417904000,0.002408697
558,3.1422864000,0.002207731
559,3.1411800000,0.002414327
560,3.1411264000,0.002266561
561,3.1429928000,0.002210055
562,3.1418560000,0.002397646
563,3.1418712000,0.002234110
564,3.1418056000,0.002246213
565,3.1414296000,0.002408987
566,3.1427232000,0.002222478
567,3.1425616000,0.002186381
568,3.1413312000,0.002402095
569,3.1418872000,0.002253025
570,3.1420152000,0.002393909
571,3.1405432000,0.002211608
572,3.1411464000,0.002215575
573,3.1412608000,0.002376767
574,3.1424792000,0.002231405
575,3.1415576000,0.002392637
576,3.1414648000,0.002316655
577,3.1419600000,0.002205796
578,3.1413384000,0.002427543
579,3.1408960000,0.002245040
580,3.1413608000,0.002202751
581,3.1402064000,0.002393789
582,3.1415840000,0.002207870
583,3.1402744000,0.002391626
584,3.1420208000,0.002266460
585,3.1411400000,0.002206087
586,3.1418336000,0.002440908
587,3.1407792000,0.002202270
588,3.1416912000,0.002394841
589,3.1410288000,0.002276059
590,3.1397360000,0.002218450
591,3.1414864000,0.002396715
592,3.1407792000,0.002232417
593,3.1411704000,0.002441058
594,3.1418584000,0.002360827
595,3.1416360000,0.002177694
596,3.1427312000,0.002398969
597,3.1419712000,0.003544838
598,3.1417592000,0.004257124
599,3.1420168000,0.003912738
600,3.1422632000,0.003985594
601,3.1421832000,0.002238478
602,3.1402864000,0.004862990
603,3.1418280000,0.004841830
604,3.1421176000,0.004897325
605,3.1410616000,0.001974543
606,3.1412664000,0.004911130
607,3.1411072000,0.004943721
608,3.1406240000,0.001981777
609,3.1424336000,0.005020525
610,3.1397128000,0.004939503
611,3.1412688000,0.002082947
612,3.1421296000,0.004917402
613,3.1413784000,0.005099363
614,3.1411680000,0.001976958
615,3.1416544000,0.006160683
616,3.1430544000,0.003189712
617,3.1421120000,0.003200933
618,3.1411144000,0.002716936
619,3.1406744000,0.002305193
620,3.1417160000,0.003383515
621,3.1425952000,0.002800713
622,3.1405776000,0.002208622
623,3.1407480000,0.002325822
624,3.1414560000,0.002196599
625,3.1414584000,0.002368682
626,3.1417752000,0.002205005
627,3.1410728000,0.002205316
628,3.1420600000,0.002360667
629,3.1409960000,0.002225875
630,3.1418864000,0.002392537
631,3.1410168000,0.002146876
632,3.1422048000,0.002157286
633,3.1407944000,0.002375374
634,3.1412080000,0.002204064
635,3.1417888000,0.002163327
636,3.1410400000,0.002408346
637,3.1430536000,0.002211928
638,3.1433776000,0.002203171
639,3.1417872000,0.002340669
640,3.1425664000,0.002195207
641,3.1406824000,0.002377829
642,3.1407184000,0.002226115
643,3.1414992000,0.002208742
644,3.1410576000,0.002403107
645,3.1417040000,0.002202501
646,3.1421296000,0.002213441
647,3.1412216000,0.002391374
648,3.1406584000,0.002231444
649,3.1408576000,0.002360527
650,3.1425176000,0.002198032
651,3.1424504000,0.002247024
652,3.1417752000,0.002422584
653,3.1408416000,0.002234791
654,3.1420832000,0.002368982
655,3.1424792000,0.002195017
656,3.1413376000,0.002223169
657,3.1422344000,0.002423575
658,3.1412832000,0.002233559
659,3.1412784000,0.002197401
660,3.1422584000,0.002383651
661,3.1415256000,0.002248416
662,3.1424544000,0.002252955
663,3.1409320000,0.002365477
664,3.1416232000,0.002214312
665,3.1421640000,0.002367590
666,3.1419760000,0.002238498
667,3.1428496000,0.002311485
668,3.1415312000,0.003125071
669,3.1422624000,0.002292579
670,3.1429288000,0.002446968
671,3.1418760000,0.002196649
672,3.1423584000,0.002251062
673,3.1406840000,0.002388639
674,3.1416200000,0.002216377
675,3.1424784000,0.002393178
676,3.1421672000,0.002238698
677,3.1421664000,0.002230553
678,3.1415192000,0.002379202
679,3.1418744000,0.002232176
680,3.1423720000,0.002215675
681,3.1407064000,0.002376326
682,3.1413480000,0.002296928
683,3.1421544000,0.002417353
684,3.1414720000,0.002230383
685,3.1415760000,0.002189587
686,3.1414072000,0.002453531
687,3.1399656000,0.002247665
688,3.1413136000,0.002374573
689,3.1436728000,0.002226566
690,3.1422824000,0.002221646
691,3.1399496000,0.002406583
692,3.1407992000,0.002243207
693,3.1423480000,0.002248957
694,3.1415728000,0.002386486
695,3.1407424000,0.002247605
696,3.1413776000,0.002251212
697,3.1427312000,0.002380043
698,3.1411568000,0.002221707
699,3.1402600000,0.002387688
700,3.1414792000,0.002255309
701,3.1408656000,0.002247655
702,3.1415480000,0.002385795
703,3.1410008000,0.002220173
704,3.1425800000,0.002234862
705,3.1425504000,0.002336962
706,3.1410208000,0.002249028
707,3.1417200000,0.002490741
708,3.1422664000,0.002721935
709,3.1428992000,0.002464442
710,3.1409592000,0.002191660
711,3.1424912000,0.002214703
712,3.1425360000,0.002558689
713,3.1422800000,0.002253606
714,3.1408984000,0.002226336
715,3.1428920000,0.002349907
716,3.1412472000,0.002231184
717,3.1411704000,0.002377469
718,3.1408568000,0.002217889
719,3.1418312000,0.002226646
720,3.1410168000,0.002407485
721,3.1420672000,0.002222277
722,3.1417608000,0.002247855
723,3.1391960000,0.002380184
724,3.1422880000,0.002220183
725,3.1421224000,0.002371076
726,3.1412176000,0.002254679
727,3.1413568000,0.002244369
728,3.1424088000,0.002382317
729,3.1419816000,0.002237136
730,3.1423784000,0.002372179
731,3.1410664000,0.002258816
732,3.1403840000,0.002216657
733,3.1423008000,0.002407285
734,3.1398808000,0.002229671
735,3.1404384000,0.002225013
736,3.1417880000,0.002418856
737,3.1408440000,0.002856567
738,3.1418888000,0.002321664
739,3.1415928000,0.002218932
740,3.1417808000,0.002221045
741,3.1419344000,0.002374854
742,3.1420800000,0.002207740
743,3.1407704000,0.002372720
744,3.1417232000,0.002257423
745,3.1404272000,0.002214954
746,3.1409664000,0.002377389
747,3.1411400000,0.002209904
748,3.1415408000,0.002218310
749,3.1409416000,0.002446278
750,3.1416128000,0.002222178
751,3.1428688000,0.002237205
752,3.1409168000,0.002365246
753,3.1428384000,0.002240943
754,3.1407144000,0.002399590
755,3.1407072000,0.002225634
756,3.1410104000,0.002217148
757,3.1419944000,0.002394029
758,3.1411912000,0.002267743
759,3.1419328000,0.002425399
760,3.1427800000,0.002212479
761,3.1406176000,0.002221556
762,3.1414512000,0.002392177
763,3.1412824000,0.002276279
764,3.1414232000,0.002260238
765,3.1416680000,0.002353023
766,3.1416480000,0.002228079
767,3.1425008000,0.002356108
768,3.1424664000,0.002275027
769,3.1418528000,0.002238408
770,3.1415104000,0.002409148
771,3.1425136000,0.002214483
772,3.1422896000,0.002367420
773,3.1420504000,0.002246152
774,3.1413864000,0.002216086
775,3.1414872000,0.002430528
776,3.1407624000,0.002226506
777,3.1411960000,0.002225013
778,3.1416024000,0.002476504
779,3.1422696000,0.002225714
780,3.1414760000,0.002235773
781,3.1422656000,0.002392667
782,3.1425560000,0.002246754
783,3.1420616000,0.002460214
784,3.1418528000,0.002210164
785,3.1409320000,0.002238619
786,3.1417744000,0.002365706
787,3.1416288000,0.002270599
788,3.1412536000,0.002439585
789,3.1420592000,0.002223550
790,3.1419056000,0.002214903
791,3.1411800000,0.002466645
792,3.1416144000,0.002241364
793,3.1421624000,0.002263004
794,3.1419856000,0.002384832
795,3.1419096000,0.002226145
796,3.1416344000,0.002384292
797,3.1420440000,0.002218430
798,3.1417856000,0.002221446
799,3.1408320000,0.002373762
800,3.1409096000,0.002248757
801,3.1418304000,0.002250390
802,3.1416096000,0.002368922
803,3.1405480000,0.002229010
804,3.1426608000,0.002366999
805,3.1422544000,0.002236094
806,3.1425568000,0.002224121
807,3.1414112000,0.002374022
808,3.1421056000,0.002235342
809,3.1415536000,0.002375505
810,3.1415728000,0.002241013
811,3.1418976000,0.002230633
812,3.1419512000,0.002384933
813,3.1420792000,0.002228479
814,3.1425448000,0.002215756
815,3.1412456000,0.002388900
816,3.1405488000,0.002276910
817,3.1427832000,0.002241143
818,3.1412184000,0.002351109
819,3.1413848000,0.002220564
820,3.1421168000,0.002414858
821,3.1414944000,0.002243157
822,3.1395776000,0.002256762
823,3.1414840000,0.002369304
824,3.1420248000,0.002224011
825,3.1414152000,0.002383079
826,3.1422080000,0.002254187
827,3.1414224000,0.002205627
828,3.1426784000,0.002385934
829,3.1413504000,0.002228139
830,3.1424096000,0.002267011
831,3.1431296000,0.002450867
832,3.1408776000,0.002210926
833,3.1408216000,0.002376086
834,3.1411008000,0.002228279
835,3.1415600000,0.002230874
836,3.1431280000,0.003594811
837,3.1417088000,0.002167465
838,3.1398752000,0.002294583
839,3.1412664000,0.002260429
840,3.1408928000,0.002267573
841,3.1413496000,0.002353263
842,3.1415768000,0.002224803
843,3.1406896000,0.002387337
844,3.1421144000,0.002237887
845,3.1411280000,0.002223780
846,3.1417040000,0.002372008
847,3.1417088000,0.002247525
848,3.1419560000,0.002397216
849,3.1412784000,0.002231395
850,3.1398880000,0.002232867
851,3.1401216000,0.002374253
852,3.1422720000,0.002222458
853,3.1407208000,0.002212259
854,3.1416200000,0.002406543
855,3.1408072000,0.002235142
856,3.1411016000,0.002225643
857,3.1409064000,0.002413706
858,3.1410648000,0.002204655
859,3.1416984000,0.002470172
860,3.1415960000,0.002273643
861,3.1418816000,0.002182654
862,3.1423128000,0.002410631
863,3.1416104000,0.002239800
864,3.1414560000,0.002363913
865,3.1408600000,0.002280407
866,3.1417856000,0.002223049
867,3.1415440000,0.002370105
868,3.1405760000,0.002248817
869,3.1423448000,0.002229792
870,3.1426008000,0.002372930
871,3.1394488000,0.002215214
872,3.1411008000,0.002214002
873,3.1410568000,0.002349426
874,3.1411680000,0.002264617
875,3.1405232000,0.002381486
876,3.1414632000,0.002217669
877,3.1420712000,0.002210505
878,3.1406696000,0.002415270
879,3.1425328000,0.002254227
880,3.1412160000,0.002386777
881,3.1414392000,0.002223369
882,3.1419768000,0.002224963
883,3.1411856000,0.002381115
884,3.1416248000,0.002241254
885,3.1407216000,0.002259557
886,3.1413000000,0.002397607
887,3.1419504000,0.002204744
888,3.1425120000,0.002405932
889,3.1416648000,0.002252695
890,3.1414056000,0.002216878
891,3.1419624000,0.002432331
892,3.1426408000,0.002208241
893,3.1402304000,0.002244549
894,3.1423936000,0.002410070
895,3.1427088000,0.002220784
896,3.1424392000,0.002356308
897,3.1422088000,0.002272242
898,3.1407768000,0.002206668
899,3.1425608000,0.002405541
900,3.1429176000,0.002239110
901,3.1418960000,0.002229731
902,3.1423432000,0.002359245
903,3.1421032000,0.002254458
904,3.1416296000,0.002379903
905,3.1431144000,0.002221055
906,3.1415832000,0.002219142
907,3.1419152000,0.002363312
908,3.1420488000,0.002256021
909,3.1414464000,0.002408237
910,3.1423544000,0.002226074
911,3.1402536000,0.002198103
912,3.1396432000,0.002390673
913,3.1403672000,0.002291177
914,3.1418032000,0.002226155
915,3.1418280000,0.002380013
916,3.1421752000,0.002217278
917,3.1416872000,0.002225243
918,3.1419184000,0.002409548
919,3.1420024000,0.002226034
920,3.1408560000,0.002362300
921,3.1420664000,0.002236404
922,3.1424208000,0.002248056
923,3.1416200000,0.002438102
924,3.1420312000,0.002237697
925,3.1415000000,0.002391204
926,3.1408128000,0.002216326
927,3.1408872000,0.002226316
928,3.1420704000,0.002266410
929,3.1419344000,0.002353153
930,3.1418728000,0.002433444
931,3.1415560000,0.002210996
932,3.1399960000,0.002211267
933,3.1410240000,0.002432622
934,3.1424216000,0.002240512
935,3.1425432000,0.002206007
936,3.1406136000,0.002384733
937,3.1416904000,0.002256792
938,3.1406360000,0.002248577
939,3.1412816000,0.002349636
940,3.1422952000,0.002217259
941,3.1405968000,0.002371787
942,3.1413536000,0.002251131
943,3.1415920000,0.002226496
944,3.1410232000,0.002370115
945,3.1402968000,0.002214944
946,3.1407904000,0.002220995
947,3.1417336000,0.002407996
948,3.1422064000,0.002252324
949,3.1409280000,0.002366999
950,3.1418864000,0.002215655
951,3.1411824000,0.002234591
952,3.1425208000,0.002394630
953,3.1408408000,0.002239039
954,3.1411464000,0.002382749
955,3.1409672000,0.002220003
956,3.1418448000,0.002218090
957,3.1412512000,0.002399761
958,3.1421848000,0.002245240
959,3.1414680000,0.002226797
960,3.1410672000,0.002369714
961,3.1425304000,0.002221195
962,3.1432936000,0.002261662
963,3.1411664000,0.002374443
964,3.1426744000,0.002225804
965,3.1411616000,0.002381246
966,3.1420688000,0.002218340
967,3.1413784000,0.002421251
968,3.1400528000,0.002276148
969,3.1409184000,0.002411793
970,3.1412360000,0.002385574
971,3.1420544000,0.002248657
972,3.1409032000,0.002223901
973,3.1420088000,0.002396925
974,3.1412224000,0.002213882
975,3.1413936000,0.002390503
976,3.1413944000,0.002265088
977,3.1420880000,0.002222478
978,3.1417792000,0.002397737
979,3.1408920000,0.002200687
980,3.1410376000,0.002224372
981,3.1414696000,0.002456577
982,3.1424272000,0.002237957
983,3.1409528000,0.002227217
984,3.1414352000,0.002372980
985,3.1414520000,0.002252565
986,3.1409208000,0.002418405
987,3.1416784000,0.002215825
988,3.1403408000,0.002220674
989,3.1433376000,0.002394010
990,3.1420352000,0.002258325
991,3.1421176000,0.002335961
992,3.1418304000,0.002277411
993,3.1416264000,0.002244790
994,3.1409912000,0.002394110
995,3.1412072000,0.002247174
996,3.1411784000,0.002234050
997,3.1413240000,0.002344947
998,3.1413712000,0.002210716
999,3.1406664000,0.002470403
1000,3.1426032000,0.002253396
1001,3.1423440000,0.002220054
1002,3.1414640000,0.002394841
1003,3.1414896000,0.002197230
1004,3.1410896000,0.002242245
1005,3.1412128000,0.002431319
1006,3.1428080000,0.002257574
1007,3.1409936000,0.002385123
1008,3.1405496000,0.002228269
1009,3.1406872000,0.002228990
1010,3.1407168000,0.002478899
1011,3.1421376000,0.002205617
1012,3.1417048000,0.002385533
1013,3.1425152000,0.002247995
1014,3.1409768000,0.010051781
1015,3.1427000000,0.005300921
1016,3.1413616000,0.002352913
1017,3.1418520000,0.002294463
1018,3.1429704000,0.002379062
1019,3.1408968000,0.002145153
1020,3.1402072000,0.002207750
1021,3.1422984000,0.002362901
1022,3.1411544000,0.002207830
1023,3.1415272000,0.002205416
1024,3.1419528000,0.002339357
1025,3.1424656000,0.002207961
1026,3.1412424000,0.002372329
1027,3.1409432000,0.002157226
1028,3.1423208000,0.002198473
1029,3.1417368000,0.002417103
1030,3.1421184000,0.002203642
1031,3.1420800000,0.002203182
1032,3.1420424000,0.002357311
1033,3.1418192000,0.002228179
1034,3.1402736000,0.002365847
1035,3.1413256000,0.002219101
1036,3.1421304000,0.003000317
1037,3.1427592000,0.002439084
1038,3.1419160000,0.002193083
1039,3.1412664000,0.002457840
1040,3.1431696000,0.002206478
1041,3.1415648000,0.002204694
1042,3.1405584000,0.002436710
1043,3.1412552000,0.002203062
1044,3.1415000000,0.002450605
1045,3.1408744000,0.002213932
1046,3.1422600000,0.002204174
1047,3.1421184000,0.002516329
1048,3.1420384000,0.002216146
1049,3.1430280000,0.002200257
1050,3.1403256000,0.002457438
1051,3.1405216000,0.002251042
1052,3.1405864000,0.002471014
1053,3.1432544000,0.003435853
1054,3.1420184000,0.002841780
1055,3.1421040000,0.002152867
1056,3.1418824000,0.002501071
1057,3.1404528000,0.002887275
1058,3.1425816000,0.003047705
1059,3.1420360000,0.002494358
1060,3.1420440000,0.002262473
1061,3.1424048000,0.003431565
1062,3.1417264000,0.002332314
1063,3.1408440000,0.002154250
1064,3.1420808000,0.002476204
1065,3.1407800000,0.002251302
1066,3.1411752000,0.002394931
1067,3.1403864000,0.002223449
1068,3.1418352000,0.002217158
1069,3.1424280000,0.002435157
1070,3.1431160000,0.002214262
1071,3.1416152000,0.002230242
1072,3.1413416000,0.002444334
1073,3.1420136000,0.002199896
1074,3.1406296000,0.002223951
1075,3.1408104000,0.002430638
1076,3.1417688000,0.002231695
1077,3.1418992000,0.002408607
1078,3.1427352000,0.002228660
1079,3.1408080000,0.002484289
1080,3.1407304000,0.002247174
1081,3.1426256000,0.002219242
1082,3.1415328000,0.002424096
1083,3.1405096000,0.002226004
1084,3.1407168000,0.002219673
1085,3.1420768000,0.002479750
1086,3.1423696000,0.002212609
1087,3.1410064000,0.002227878
1088,3.1413552000,0.002424166
1089,3.1434328000,0.002242516
1090,3.1411512000,0.002459012
1091,3.1409344000,0.002218590
1092,3.1423136000,0.002406153
1093,3.1429976000,0.002246373
1094,3.1426664000,0.002220033
1095,3.1429752000,0.002479310
1096,3.1421568000,0.002219412
1097,3.1417360000,0.002220013
1098,3.1426272000,0.004499859
1099,3.1404160000,0.002120377
1100,3.1420880000,0.004993204
1101,3.1406608000,0.004493196
1102,3.1429816000,0.002090040
1103,3.1415112000,0.002130586
1104,3.1411712000,0.002268053
1105,3.1404440000,0.002234992
1106,3.1414672000,0.002192221
1107,3.1409152000,0.002235643
1108,3.1427984000,0.002216557
1109,3.1408288000,0.002233889
1110,3.1411080000,0.002220995
1111,3.1423360000,0.002229692
1112,3.1416960000,0.002230392
1113,3.1421576000,0.002230212
1114,3.1413408000,0.002231004
1115,3.1431192000,0.002229671
1116,3.1418760000,0.002233028
1117,3.1418264000,0.002269096
1118,3.1409632000,0.002231695
1119,3.1405888000,0.002256993
1120,3.1418776000,0.002253065
1121,3.1409784000,0.002225494
1122,3.1417824000,0.002240361
1123,3.1413456000,0.002244540
1124,3.1415888000,0.002394961
1125,3.1408576000,0.002229371
1126,3.1416992000,0.002223340
1127,3.1418280000,0.002228018
1128,3.1398688000,0.002229571
1129,3.1420400000,0.002298501
1130,3.1406960000,0.002219522
1131,3.1408032000,0.002252374
1132,3.1413800000,0.002270007
1133,3.1409128000,0.002229932
1134,3.1417104000,0.002244860
1135,3.1406616000,0.002236945
1136,3.1411752000,0.002223971
1137,3.1405824000,0.002222879
1138,3.1413720000,0.002240452
1139,3.1420112000,0.002254598
1140,3.1412000000,0.002249288
1141,3.1411240000,0.002228710
1142,3.1409888000,0.002230342
1143,3.1412848000,0.002224182
1144,3.1423248000,0.002254237
1145,3.1416432000,0.002261261
1146,3.1406832000,0.002229301
1147,3.1421736000,0.002214583
1148,3.1428704000,0.002233328
1149,3.1416472000,0.002218932
1150,3.1418408000,0.002224401
1151,3.1403480000,0.002251933
1152,3.1410744000,0.002250641
1153,3.1424792000,0.002242947
1154,3.1418376000,0.002229861
1155,3.1409880000,0.002243979
1156,3.1412520000,0.002235232
1157,3.1428200000,0.002246262
1158,3.1410952000,0.002243227
1159,3.1414192000,0.002229741
1160,3.1421600000,0.002229231
1161,3.1416192000,0.002233959
1162,3.1418744000,0.002234039
1163,3.1425400000,0.002261912
1164,3.1408760000,0.002243127
1165,3.1411224000,0.002263765
1166,3.1413232000,0.002258887
1167,3.1422024000,0.002242715
1168,3.1425640000,0.002238508
1169,3.1414264000,0.002220925
1170,3.1413872000,0.002267773
1171,3.1407696000,0.002244449
1172,3.1416296000,0.002217679
1173,3.1417064000,0.002246944
1174,3.1408072000,0.002251342
1175,3.1400552000,0.002231915
1176,3.1410040000,0.002229361
1177,3.1406760000,0.002235232
1178,3.1427232000,0.002229391
1179,3.1410464000,0.002242646
1180,3.1415544000,0.002239460
1181,3.1413848000,0.002231124
1182,3.1416496000,0.002230253
1183,3.1421088000,0.002266841
1184,3.1438368000,0.002253626
1185,3.1412432000,0.002224402
1186,3.1420008000,0.002259708
1187,3.1413880000,0.002231705
1188,3.1420360000,0.002225754
1189,3.1421760000,0.002217369
1190,3.1416648000,0.002242505
1191,3.1418008000,0.002263846
1192,3.1425136000,0.002242405
1193,3.1418120000,0.002228690
1194,3.1408256000,0.002233018
1195,3.1422920000,0.002216897
1196,3.1402960000,0.002270598
1197,3.1413760000,0.002261341
1198,3.1418032000,0.002226596
1199,3.1412784000,0.002244950
1200,3.1416824000,0.002234440
1201,3.1414152000,0.002229472
1202,3.1408376000,0.002215845
1203,3.1428096000,0.002235663
1204,3.1410008000,0.002244710
1205,3.1418136000,0.002239319
1206,3.1411432000,0.002229201
1207,3.1415760000,0.002233689
1208,3.1406496000,0.002258295
1209,3.1405368000,0.002263835
1210,3.1405224000,0.002367230
1211,3.1411728000,0.002223189
1212,3.1413960000,0.002228740
1213,3.1416192000,0.002255640
1214,3.1418920000,0.002231595
1215,3.1419384000,0.002241424
1216,3.1412216000,0.002237636
1217,3.1406504000,0.002258065
1218,3.1421184000,0.002230894
1219,3.1407016000,0.002233448
1220,3.1412800000,0.002226766
1221,3.1413312000,0.002260139
1222,3.1414712000,0.002248026
1223,3.1406936000,0.002235112
1224,3.1415328000,0.002477656
1225,3.1406120000,0.002217379
1226,3.1412008000,0.002244890
1227,3.1425880000,0.002379282
1228,3.1418456000,0.002231154
1229,3.1411488000,0.002215776
1230,3.1393904000,0.002231695
1231,3.1413488000,0.002238608
1232,3.1416368000,0.002268364
1233,3.1423584000,0.002250931
1234,3.1418800000,0.002236083
1235,3.1417216000,0.002227437
1236,3.1421280000,0.002227107
1237,3.1415240000,0.002226556
1238,3.1426520000,0.002230232
1239,3.1407760000,0.002241404
1240,3.1415400000,0.002259277
1241,3.1422056000,0.002227898
1242,3.1417792000,0.002246262
1243,3.1410696000,0.002234721
1244,3.1425272000,0.002231445
1245,3.1422240000,0.002254117
1246,3.1406576000,0.002256611
1247,3.1416920000,0.002235141
1248,3.1419984000,0.002230173
1249,3.1421552000,0.002230483
1250,3.1412032000,0.002231364
1251,3.1428136000,0.002233439
1252,3.1416240000,0.002251753
1253,3.1408592000,0.002248737
1254,3.1413232000,0.002250621
1255,3.1424952000,0.002233889
1256,3.1416904000,0.002227878
1257,3.1418256000,0.002237176
1258,3.1419560000,0.002277681
1259,3.1415128000,0.002254498
1260,3.1418504000,0.002215986
1261,3.1417352000,0.002248527
1262,3.1411352000,0.002233639
1263,3.1413816000,0.002415690
1264,3.1415480000,0.002240713
1265,3.1410848000,0.003595222
1266,3.1412248000,0.002568507
1267,3.1410360000,0.002142779
1268,3.1426272000,0.002439885
1269,3.1415880000,0.002311756
1270,3.1415832000,0.002182543
1271,3.1418424000,0.002237115
1272,3.1427728000,0.002248477
1273,3.1402456000,0.002223620
1274,3.1419880000,0.002828254
1275,3.1422816000,0.002225574
1276,3.1429696000,0.002178085
1277,3.1429112000,0.002254388
1278,3.1416368000,0.002247665
1279,3.1418280000,0.002223860
1280,3.1418536000,0.002217900
1281,3.1418792000,0.002268705
1282,3.1411240000,0.002255159
1283,3.1416176000,0.002229160
1284,3.1419768000,0.002220575
1285,3.1412408000,0.002233198
1286,3.1426864000,0.002230202
1287,3.1423008000,0.002215535
1288,3.1416576000,0.002241734
1289,3.1424504000,0.002246684
1290,3.1408272000,0.002234721
1291,3.1429408000,0.002230843
1292,3.1428232000,0.002230343
1293,3.1413224000,0.002226406
1294,3.1422488000,0.002236594
1295,3.1405664000,0.002233769
1296,3.1420272000,0.002252935
1297,3.1426024000,0.002232226
1298,3.1411768000,0.002229381
1299,3.1420888000,0.002257033
1300,3.1425656000,0.002223369
1301,3.1415664000,0.002235523
1302,3.1412912000,0.002261841
1303,3.1404680000,0.002234430
1304,3.1423104000,0.002236664
1305,3.1406200000,0.002232827
1306,3.1406736000,0.002222608
1307,3.1417912000,0.002243347
1308,3.1416320000,0.002243387
1309,3.1417096000,0.002243757
1310,3.1429104000,0.002235833
1311,3.1416616000,0.002229011
1312,3.1411184000,0.002248847
1313,3.1415232000,0.002228309
1314,3.1416048000,0.002241163
1315,3.1413016000,0.002261060
1316,3.1406416000,0.002234010
1317,3.1413648000,0.002224141
1318,3.1410304000,0.002245271
1319,3.1423200000,0.002236444
1320,3.1418488000,0.002234070
1321,3.1423680000,0.002228559
1322,3.1419288000,0.002227317
1323,3.1409648000,0.002227928
1324,3.1410632000,0.002232907
1325,3.1412240000,0.002228870
1326,3.1414424000,0.002230012
1327,3.1414288000,0.002216347
1328,3.1420472000,0.002242726
1329,3.1416096000,0.002242816
1330,3.1411368000,0.002230733
1331,3.1412904000,0.002229561
1332,3.1416648000,0.002231865
1333,3.1421768000,0.002230714
1334,3.1412056000,0.002231014
1335,3.1413000000,0.002252223
1336,3.1412048000,0.002247275
1337,3.1410400000,0.002235963
1338,3.1399280000,0.002229171
1339,3.1411144000,0.002228719
1340,3.1419048000,0.002226996
1341,3.1414520000,0.002290616
1342,3.1414848000,0.002240662
1343,3.1423440000,0.002225093
1344,3.1419880000,0.002283131
1345,3.1419896000,0.002256372
1346,3.1420240000,0.002221246
1347,3.1428992000,0.002290485
1348,3.1418368000,0.002265339
1349,3.1414088000,0.002210656
1350,3.1414504000,0.002222217
1351,3.1436144000,0.002243708
1352,3.1412992000,0.002226515
1353,3.1421888000,0.002240142
1354,3.1411304000,0.002229621
1355,3.1405928000,0.002229872
1356,3.1405888000,0.002229681
1357,3.1414136000,0.002230193
1358,3.1422704000,0.002233549
1359,3.1406608000,0.002225954
1360,3.1404992000,0.002251272
1361,3.1414336000,0.002982644
1362,3.1421048000,0.003400437
1363,3.1422776000,0.002136888
1364,3.1410296000,0.002670858
1365,3.1397392000,0.004071856
1366,3.1417016000,0.002774894
1367,3.1411808000,0.002254017
1368,3.1409704000,0.003142193
1369,3.1428576000,0.002198984
1370,3.1418576000,0.004997833
1371,3.1415928000,0.002539632
1372,3.1411232000,0.002086944
1373,3.1411528000,0.002196610
1374,3.1418448000,0.002329148
1375,3.1414976000,0.002217608
1376,3.1395776000,0.002268233
1377,3.1416664000,0.002230002
1378,3.1412800000,0.002210366
1379,3.1419208000,0.002247645
1380,3.1412072000,0.002217599
1381,3.1416152000,0.002220314
1382,3.1418424000,0.002260870
1383,3.1416904000,0.002333416
1384,3.1412312000,0.002215755
1385,3.1411928000,0.002234661
1386,3.1414184000,0.002275227
1387,3.1404480000,0.002403036
1388,3.1408608000,0.002299652
1389,3.1410712000,0.002192171
1390,3.1421240000,0.002223810
1391,3.1410272000,0.002239921
1392,3.1424592000,0.002225143
1393,3.1421080000,0.002231875
1394,3.1406968000,0.002261351
1395,3.1415232000,0.002230022
1396,3.1403696000,0.002229051
1397,3.1421784000,0.002264276
1398,3.1418488000,0.002260519
1399,3.1422392000,0.002217007
1400,3.1406624000,0.002247014
1401,3.1405440000,0.002262864
1402,3.1414088000,0.002229872
1403,3.1413896000,0.002258415
1404,3.1419856000,0.002261401
1405,3.1417352000,0.002235182
1406,3.1416024000,0.002235132
1407,3.1408256000,0.002242004
1408,3.1417416000,0.002346180
1409,3.1420984000,0.002242706
1410,3.1405600000,0.002452329
1411,3.1422824000,0.002220204
1412,3.1415816000,0.002194205
1413,3.1412704000,0.002357381
1414,3.1422688000,0.007826057
1415,3.1405616000,0.002683222
1416,3.1414856000,0.002199575
1417,3.1410216000,0.002261722
1418,3.1404528000,0.002218310
1419,3.1401728000,0.002179247
1420,3.1426080000,0.002239981
1421,3.1410528000,0.002217679
1422,3.1422664000,0.002224151
1423,3.1412520000,0.002237035
1424,3.1409144000,0.002239209
1425,3.1421976000,0.002259478
1426,3.1415288000,0.002265899
1427,3.1413000000,0.002230603
1428,3.1418592000,0.002204945
1429,3.1407048000,0.002255581
1430,3.1418576000,0.002246513
1431,3.1419256000,0.002233288
1432,3.1419720000,0.002216366
1433,3.1415824000,0.002245151
1434,3.1408656000,0.002236113
1435,3.1420120000,0.002235693
1436,3.1423112000,0.002240402
1437,3.1410824000,0.002236454
1438,3.1425752000,0.002230403
1439,3.1417936000,0.002248897
1440,3.1420848000,0.002241293
1441,3.1406808000,0.002217509
1442,3.1425936000,0.002301647
1443,3.1411216000,0.002270067
1444,3.1416472000,0.002216346
1445,3.1419456000,0.002242315
1446,3.1417224000,0.002242094
1447,3.1414384000,0.002232918
1448,3.1417024000,0.002273844
1449,3.1420720000,0.002246223
1450,3.1421848000,0.002244549
1451,3.1398592000,0.002228609
1452,3.1411016000,0.002243016
1453,3.1428552000,0.002231805
1454,3.1415296000,0.002244288
1455,3.1425032000,0.002272943
1456,3.1409944000,0.002230142
1457,3.1415344000,0.002229592
1458,3.1401096000,0.002233879
1459,3.1413728000,0.002228479
1460,3.1414168000,0.002227428
1461,3.1414616000,0.002242625
1462,3.1417192000,0.002247525
1463,3.1417960000,0.002229051
1464,3.1421256000,0.002229541
1465,3.1411792000,0.002242265
1466,3.1403376000,0.002232867
1467,3.1413232000,0.002483948
1468,3.1421240000,0.003053667
1469,3.1414728000,0.002166623
1470,3.1416752000,0.002179257
1471,3.1420784000,0.002965601
1472,3.1420920000,0.006166445
1473,3.1410392000,0.002077867
1474,3.1413200000,0.006863752
1475,3.1417592000,0.002278853
1476,3.1423008000,0.004864914
1477,3.1416896000,0.004324039
1478,3.1423128000,0.002091312
1479,3.1421696000,0.003053957
1480,3.1415592000,0.010384816
1481,3.1413496000,0.009989514
1482,3.1418480000,0.009009736
1483,3.1418736000,0.006771589
1484,3.1410416000,0.002132229
1485,3.1407080000,0.002604213
1486,3.1399104000,0.002200226
1487,3.1415272000,0.002522200
1488,3.1410752000,0.002201689
1489,3.1429616000,0.002199194
1490,3.1426840000,0.002213932
1491,3.1420728000,0.002206909
1492,3.1419176000,0.002206859
1493,3.1419776000,0.002215424
1494,3.1418064000,0.002212500
1495,3.1419848000,0.002213150
1496,3.1414832000,0.002217078
1497,3.1422848000,0.002221877
1498,3.1417072000,0.002194866
1499,3.1420672000,0.002213842
1500,3.1418552000,0.002212970
1501,3.1421520000,0.002217308
1502,3.1406848000,0.002211677
1503,3.1420232000,0.002813446
1504,3.1412352000,0.002213681
1505,3.1415656000,0.002166072
1506,3.1408136000,0.002227928
1507,3.1404728000,0.002218431
1508,3.1402296000,0.002213591
1509,3.1415952000,0.002220825
1510,3.1399976000,0.002240482
1511,3.1408720000,0.002227487
1512,3.1407384000,0.002229171
1513,3.1419392000,0.002218681
1514,3.1415232000,0.002228419
1515,3.1421360000,0.002231344
1516,3.1409280000,0.002229612
1517,3.1415528000,0.002219763
1518,3.1422760000,0.002225744
1519,3.1405432000,0.002227277
1520,3.1414640000,0.002221997
1521,3.1421256000,0.002225423
1522,3.1415912000,0.002226456
1523,3.1425768000,0.002226916
1524,3.1416088000,0.002217849
1525,3.1429296000,0.002231465
1526,3.1420288000,0.002801244
1527,3.1411392000,0.003409323
1528,3.1414456000,0.002146606
1529,3.1413992000,0.002208502
1530,3.1411480000,0.002276419
1531,3.1414856000,0.002210115
1532,3.1423656000,0.002226926
1533,3.1415144000,0.002214774
1534,3.1419808000,0.002221005
1535,3.1421472000,0.002229812
1536,3.1412904000,0.002240291
1537,3.1412448000,0.002235092
1538,3.1411192000,0.002245551
1539,3.1411072000,0.002236514
1540,3.1408744000,0.002271691
1541,3.1413768000,0.002234310
1542,3.1403624000,0.002224492
1543,3.1419536000,0.002229861
1544,3.1395464000,0.002254427
1545,3.1409560000,0.002240672
1546,3.1417976000,0.002296326
1547,3.1409592000,0.002277802
1548,3.1412832000,0.002235121
1549,3.1427440000,0.002238438
1550,3.1406904000,0.002325211
1551,3.1407352000,0.002362140
1552,3.1415408000,0.002398238
1553,3.1416824000,0.002245350
1554,3.1420096000,0.002230243
1555,3.1415824000,0.002240011
1556,3.1424168000,0.002242014
1557,3.1415928000,0.002242485
1558,3.1424976000,0.002274205
1559,3.1417440000,0.002251262
1560,3.1422760000,0.002253616
1561,3.1413816000,0.002238779
1562,3.1419320000,0.002259117
1563,3.1425232000,0.002252875
1564,3.1417792000,0.002252975
1565,3.1420792000,0.002400582
1566,3.1421392000,0.002240151
1567,3.1406952000,0.002225423
1568,3.1420352000,0.002813006
1569,3.1414080000,0.002248607
1570,3.1416736000,0.002200657
1571,3.1412056000,0.002253676
1572,3.1406496000,0.002275708
1573,3.1415000000,0.002226015
1574,3.1412304000,0.002680266
1575,3.1417488000,0.002233439
1576,3.1413112000,0.002216356
1577,3.1421216000,0.002250911
1578,3.1415288000,0.002249750
1579,3.1417528000,0.002254558
1580,3.1412360000,0.002251622
1581,3.1410440000,0.002250351
1582,3.1410568000,0.002279765
1583,3.1412392000,0.002238548
1584,3.1402888000,0.002253957
1585,3.1427232000,0.006099339
1586,3.1427736000,0.004062148
1587,3.1413128000,0.003074696
1588,3.1416632000,0.014560907
1589,3.1422600000,0.006769155
1590,3.1418488000,0.006421432
1591,3.1414240000,0.005906617
1592,3.1416488000,0.004047521
1593,3.1420608000,0.002417414
1594,3.1420456000,0.002226185
1595,3.1426880000,0.002269496
1596,3.1406384000,0.002241493
1597,3.1413488000,0.002239621
1598,3.1422560000,0.002230583
1599,3.1415640000,0.002225674
1600,3.1425472000,0.002434365
1601,3.1406584000,0.002236945
1602,3.1430808000,0.002233519
1603,3.1401264000,0.002224241
1604,3.1423848000,0.002227618
1605,3.1412032000,0.002230102
1606,3.1409856000,0.002228369
1607,3.1411792000,0.002223130
1608,3.1405376000,0.002225603
1609,3.1413536000,0.002226185
1610,3.1426176000,0.002163618
1611,3.1423208000,0.002229712
1612,3.1417680000,0.002236875
1613,3.1415168000,0.002223309
1614,3.1409904000,0.002227257
1615,3.1419744000,0.002187893
1616,3.1409840000,0.002441840
1617,3.1421520000,0.003974253
1618,3.1422304000,0.002063570
1619,3.1417496000,0.002191981
1620,3.1417824000,0.002218109
1621,3.1422064000,0.002211548
1622,3.1417968000,0.002211627
1623,3.1414696000,0.003937183
1624,3.1413656000,0.002054744
1625,3.1409696000,0.002580078
1626,3.1404280000,0.002202080
1627,3.1429416000,0.002170120
1628,3.1409696000,0.002192081
1629,3.1415152000,0.002681619
1630,3.1421960000,0.002226816
1631,3.1410016000,0.002181782
1632,3.1417176000,0.002460013
1633,3.1421168000,0.002210576
1634,3.1416200000,0.002205085
1635,3.1420000000,0.002249098
1636,3.1419744000,0.002238298
1637,3.1412344000,0.002222107
1638,3.1426368000,0.002237256
1639,3.1403048000,0.002241784
1640,3.1408696000,0.002595057
1641,3.1407120000,0.002230913
1642,3.1412944000,0.002222057
1643,3.1406488000,0.002257043
1644,3.1423888000,0.002238007
1645,3.1416936000,0.002219582
1646,3.1411264000,0.002266781
1647,3.1416560000,0.002245772
1648,3.1419720000,0.002234921
1649,3.1423432000,0.002259919
1650,3.1412760000,0.002239970
1651,3.1421832000,0.002242556
1652,3.1411792000,0.002248707
1653,3.1426136000,0.002235743
1654,3.1418000000,0.002253156
1655,3.1403672000,0.002254448
1656,3.1426312000,0.002239470
1657,3.1410992000,0.002265929
1658,3.1422400000,0.002246283
1659,3.1407288000,0.002256201
1660,3.1418840000,0.002252114
1661,3.1419440000,0.002257413
1662,3.1398984000,0.002253697
1663,3.1414600000,0.002258585
1664,3.1422648000,0.002255159
1665,3.1416200000,0.002247184
1666,3.1410632000,0.002255450
1667,3.1416600000,0.003748470
1668,3.1409600000,0.002120476
1669,3.1396648000,0.002182784
1670,3.1433688000,0.002298130
1671,3.1417040000,0.002245932
1672,3.1414064000,0.002226545
1673,3.1423904000,0.002219042
1674,3.1404912000,0.002245170
1675,3.1407352000,0.002271390
1676,3.1417136000,0.002278734
1677,3.1433376000,0.002238929
1678,3.1422816000,0.002230723
1679,3.1406384000,0.002251232
1680,3.1414560000,0.002254318
1681,3.1411768000,0.002276188
1682,3.1409440000,0.002265499
1683,3.1433024000,0.002240181
1684,3.1421528000,0.002255099
1685,3.1405024000,0.002242836
1686,3.1402968000,0.002229340
1687,3.1409696000,0.002268404
1688,3.1425904000,0.002296156
1689,3.1415888000,0.002237296
1690,3.1415352000,0.002229010
1691,3.1408992000,0.002261541
1692,3.1418088000,0.002244990
1693,3.1423928000,0.002281960
1694,3.1415944000,0.002262142
1695,3.1402336000,0.002241423
1696,3.1406880000,0.002238788
1697,3.1420424000,0.002239961
1698,3.1414408000,0.002274706
1699,3.1418160000,0.002254999
1700,3.1415496000,0.002261932
1701,3.1410640000,0.002239389
1702,3.1416696000,0.004805482
1703,3.1415448000,0.002541506
1704,3.1419704000,0.002774533
1705,3.1425600000,0.011685905
1706,3.1409936000,0.011574987
1707,3.1405808000,0.007035274
1708,3.1415272000,0.002671971
1709,3.1425896000,0.002365707
1710,3.1403944000,0.002245801
1711,3.1410080000,0.002261952
1712,3.1412224000,0.002244279
1713,3.1401528000,0.002243017
1714,3.1415376000,0.002176592
1715,3.1414256000,0.002229361
1716,3.1412328000,0.002230743
1717,3.1419288000,0.002227748
1718,3.1411968000,0.002225684
1719,3.1425608000,0.002227568
1720,3.1429952000,0.002229651
1721,3.1411304000,0.002229271
1722,3.1401744000,0.002227678
1723,3.1419128000,0.002176271
1724,3.1415552000,0.002180680
1725,3.1422584000,0.002203522
1726,3.1409232000,0.002207690
1727,3.1411936000,0.002227267
1728,3.1409512000,0.002227277
1729,3.1401944000,0.002231825
1730,3.1418072000,0.002260760
1731,3.1425656000,0.002248487
1732,3.1419872000,0.002221566
1733,3.1412816000,0.002241093
1734,3.1424456000,0.002227127
1735,3.1426968000,0.002226335
1736,3.1418952000,0.002237847
1737,3.1425696000,0.002242355
1738,3.1411376000,0.002259938
1739,3.1417464000,0.002238488
1740,3.1415624000,0.002352933
1741,3.1425424000,0.002239269
1742,3.1416264000,0.002250961
1743,3.1420480000,0.002263324
1744,3.1414328000,0.002241854
1745,3.1412424000,0.002242245
1746,3.1405048000,0.002628600
1747,3.1405680000,0.002230893
1748,3.1420768000,0.002203413
1749,3.1414696000,0.002271189
1750,3.1421088000,0.002254859
1751,3.1414248000,0.002243778
1752,3.1404456000,0.002237926
1753,3.1419136000,0.002260409
1754,3.1406144000,0.002252043
1755,3.1418408000,0.002246894
1756,3.1425864000,0.002244940
1757,3.1425920000,0.002242085
1758,3.1440136000,0.002240311
1759,3.1414968000,0.002254188
1760,3.1423440000,0.002251672
1761,3.1398944000,0.002246483
1762,3.1416424000,0.002236333
1763,3.1412392000,0.002241473
1764,3.1413080000,0.002248266
1765,3.1413320000,0.002284184
1766,3.1417640000,0.002266581
1767,3.1406512000,0.002238768
1768,3.1418984000,0.002237997
1769,3.1420880000,0.002257293
1770,3.1404184000,0.002247164
1771,3.1421352000,0.002262133
1772,3.1407240000,0.002374223
1773,3.1415480000,0.002252875
1774,3.1430472000,0.002871295
1775,3.1413656000,0.002247495
1776,3.1405088000,0.002198473
1777,3.1410576000,0.002267262
1778,3.1410504000,0.002239600
1779,3.1413416000,0.002234350
1780,3.1419904000,0.002252224
1781,3.1407960000,0.002286157
1782,3.1408096000,0.002236855
1783,3.1412072000,0.002256392
1784,3.1416408000,0.002238077
1785,3.1414728000,0.002225073
1786,3.1417480000,0.002269245
1787,3.1424536000,0.002263064
1788,3.1420064000,0.002240111
1789,3.1417384000,0.002239550
1790,3.1436152000,0.002256442
1791,3.1413880000,0.002367149
1792,3.1422328000,0.002256041
1793,3.1428872000,0.002243147
1794,3.1411368000,0.002242235
1795,3.1414008000,0.002239189
1796,3.1424480000,0.002235723
1797,3.1421576000,0.002246503
1798,3.1411576000,0.002277110
1799,3.1417784000,0.002253436
1800,3.1425136000,0.002250710
1801,3.1418520000,0.002258145
1802,3.1417072000,0.002249218
1803,3.1409352000,0.002253185
1804,3.1411240000,0.002247545
1805,3.1433416000,0.002244369
1806,3.1410824000,0.002256472
1807,3.1428648000,0.002242044
1808,3.1412528000,0.002236374
1809,3.1412360000,0.002272692
1810,3.1410408000,0.002259467
1811,3.1412560000,0.002240672
1812,3.1419368000,0.002232116
1813,3.1405712000,0.002259327
1814,3.1416472000,0.002244199
1815,3.1412648000,0.002237146
1816,3.1418552000,0.002259677
1817,3.1412640000,0.002263395
1818,3.1429320000,0.002239109
1819,3.1413264000,0.002238518
1820,3.1404128000,0.002238118
1821,3.1420584000,0.002241143
1822,3.1422360000,0.002272461
1823,3.1421920000,0.002252615
1824,3.1415776000,0.002241193
1825,3.1406464000,0.002253977
1826,3.1423464000,0.002237887
1827,3.1419048000,0.002278834
1828,3.1421856000,0.002271790
1829,3.1423688000,0.002231866
1830,3.1417384000,0.002259146
1831,3.1408216000,0.002240001
1832,3.1412592000,0.002241213
1833,3.1435352000,0.002272282
1834,3.1421216000,0.002294723
1835,3.1416088000,0.002253817
1836,3.1409952000,0.002232407
1837,3.1408048000,0.002254458
1838,3.1426552000,0.002238277
1839,3.1415480000,0.002239380
1840,3.1415632000,0.002239420
1841,3.1420640000,0.002258535
1842,3.1403072000,0.002247876
1843,3.1420352000,0.002271951
1844,3.1422176000,0.002268023
1845,3.1406480000,0.002247265
1846,3.1412016000,0.002286077
1847,3.1408752000,0.002399590
1848,3.1416624000,0.002235232
1849,3.1422456000,0.002228680
1850,3.1409968000,0.002292319
1851,3.1413832000,0.002274375
1852,3.1417496000,0.002238328
1853,3.1414200000,0.002239189
1854,3.1422136000,0.002240502
1855,3.1400072000,0.002237977
1856,3.1413424000,0.002271961
1857,3.1410112000,0.002252103
1858,3.1413584000,0.002247405
1859,3.1413440000,0.002253125
1860,3.1416888000,0.002244239
1861,3.1416624000,0.002254378
1862,3.1410544000,0.002528863
1863,3.1423080000,0.003041353
1864,3.1413712000,0.002192893
1865,3.1416664000,0.002208482
1866,3.1413888000,0.002259627
1867,3.1412264000,0.002242205
1868,3.1409832000,0.002263726
1869,3.1414448000,0.002260769
1870,3.1411872000,0.002230292
1871,3.1411424000,0.002233008
1872,3.1415992000,0.002240221
1873,3.1416592000,0.003986396
1874,3.1411752000,0.002329228
1875,3.1408256000,0.002192060
1876,3.1419440000,0.002237676
1877,3.1409720000,0.002256452
1878,3.1428784000,0.002238007
1879,3.1431232000,0.002244830
1880,3.1430344000,0.002276098
1881,3.1416792000,0.002255470
1882,3.1423512000,0.002251943
1883,3.1420968000,0.002259547
1884,3.1421968000,0.002239710
1885,3.1403784000,0.002241875
1886,3.1419488000,0.002253867
1887,3.1418936000,0.002227717
1888,3.1410192000,0.002247786
1889,3.1408976000,0.002247415
1890,3.1418616000,0.002242235
1891,3.1409896000,0.002241012
1892,3.1416224000,0.002260039
1893,3.1404808000,0.002230342
1894,3.1423304000,0.002242214
1895,3.1410864000,0.002267021
1896,3.1404928000,0.002276389
1897,3.1421440000,0.002232968
1898,3.1414936000,0.002244379
1899,3.1416552000,0.002247875
1900,3.1400432000,0.002241002
1901,3.1414536000,0.002263876
1902,3.1415248000,0.002255941
1903,3.1406376000,0.002238488
1904,3.1413288000,0.002237806
1905,3.1421688000,0.002240071
1906,3.1413200000,0.002252965
1907,3.1413536000,0.002255720
1908,3.1405704000,0.002263044
1909,3.1419312000,0.002253546
1910,3.1422056000,0.002241704
1911,3.1414896000,0.002233659
1912,3.1413848000,0.002251994
1913,3.1419288000,0.002262032
1914,3.1420088000,0.002252865
1915,3.1414672000,0.002244559
1916,3.1426904000,0.002240021
1917,3.1410536000,0.002241494
1918,3.1411152000,0.002230843
1919,3.1421064000,0.002238128
1920,3.1430144000,0.002259327
1921,3.1423896000,0.002268123
1922,3.1402592000,0.002242035
1923,3.1414480000,0.002253937
1924,3.1427680000,0.002248537
1925,3.1420056000,0.002277261
1926,3.1421128000,0.002258565
1927,3.1411216000,0.002240773
1928,3.1410848000,0.002255940
1929,3.1422872000,0.002246844
1930,3.1416312000,0.002246994
1931,3.1412128000,0.002248647
1932,3.1415416000,0.002263645
1933,3.1406416000,0.002264237
1934,3.1410864000,0.002240882
1935,3.1406816000,0.002238198
1936,3.1416376000,0.002239960
1937,3.1411960000,0.002255911
1938,3.1413968000,0.002266030
1939,3.1405896000,0.002239510
1940,3.1424264000,0.002238518
1941,3.1411176000,0.002270357
1942,3.1413560000,0.002241804
1943,3.1416104000,0.002239520
1944,3.1426840000,0.002269185
1945,3.1401104000,0.002244459
1946,3.1430624000,0.002242675
1947,3.1417184000,0.002239300
1948,3.1421136000,0.002266711
1949,3.1414360000,0.002248677
1950,3.1421744000,0.002256111
1951,3.1415792000,0.002254779
1952,3.1407224000,0.002260739
1953,3.1413016000,0.002244950
1954,3.1421584000,0.002244248
1955,3.1416896000,0.002262774
1956,3.1408904000,0.002253927
1957,3.1423272000,0.002254698
1958,3.1416520000,0.002243357
1959,3.1419656000,0.002238769
1960,3.1412304000,0.002265288
1961,3.1416816000,0.002255400
1962,3.1416352000,0.002269286
1963,3.1409344000,0.002252444
1964,3.1397528000,0.002245671
1965,3.1419184000,0.002700946
1966,3.1406640000,0.002230302
1967,3.1415272000,0.002333266
1968,3.1432896000,0.002247044
1969,3.1415728000,0.002327054
1970,3.1421792000,0.002240632
1971,3.1424160000,0.002261081
1972,3.1419208000,0.002253025
1973,3.1414192000,0.002246473
1974,3.1418680000,0.002254097
1975,3.1401640000,0.002238969
1976,3.1404880000,0.002233419
1977,3.1431184000,0.002269626
1978,3.1418736000,0.002251533
1979,3.1412144000,0.002247074
1980,3.1424392000,0.002251652
1981,3.1412864000,0.002250210
1982,3.1427208000,0.002242797
1983,3.1415296000,0.002256662
1984,3.1408912000,0.002251943
1985,3.1420032000,0.002248306
1986,3.1418744000,0.002251894
1987,3.1405520000,0.002249639
1988,3.1417120000,0.002251592
1989,3.1412648000,0.002247675
1990,3.1427568000,0.002242025
1991,3.1411136000,0.002252304
1992,3.1405848000,0.002253907
1993,3.1422888000,0.002238127
1994,3.1413752000,0.002239911
1995,3.1417160000,0.002253546
1996,3.1420872000,0.002266701
1997,3.1416640000,0.002253316
1998,3.1414624000,0.002246282
1999,3.1422936000,0.002247765
2000,3.1406056000,0.002239861
2001,3.1424552000,0.002275858
2002,3.1424096000,0.002251432
2003,3.1425104000,0.002265108
2004,3.1412480000,0.002251943
2005,3.1412592000,0.002239901
2006,3.1419120000,0.002241544
2007,3.1404056000,0.002251702
2008,3.1412360000,0.002253106
2009,3.1407480000,0.002248366
2010,3.1415408000,0.002240392
2011,3.1413592000,0.002262663
2012,3.1413456000,0.002242295
2013,3.1407856000,0.002262744
2014,3.1418152000,0.002252995
2015,3.1408632000,0.002254017
2016,3.1405312000,0.002257925
2017,3.1403736000,0.002262062
2018,3.1414792000,0.002237987
2019,3.1428024000,0.002255871
2020,3.1411648000,0.002253356
2021,3.1415536000,0.002240521
2022,3.1402424000,0.002238559
2023,3.1423728000,0.002245130
2024,3.1408784000,0.002241834
2025,3.1415184000,0.002277241
2026,3.1421968000,0.002257955
2027,3.1431320000,0.002241513
2028,3.1401520000,0.002251653
2029,3.1427936000,0.002251062
2030,3.1410336000,0.002239359
2031,3.1420112000,0.002278243
2032,3.1416528000,0.002278954
2033,3.1420184000,0.002239069
2034,3.1410800000,0.002238668
2035,3.1411720000,0.002257684
2036,3.1418976000,0.002254599
2037,3.1420360000,0.002260489
2038,3.1419200000,0.002247555
2039,3.1425568000,0.002242786
2040,3.1415896000,0.002272782
2041,3.1398864000,0.002253306
2042,3.1416320000,0.002246282
2043,3.1415888000,0.002277411
2044,3.1411032000,0.002261181
2045,3.1419384000,0.002252264
2046,3.1414784000,0.002252754
2047,3.1418432000,0.002252343
2048,3.1429152000,0.002239339
