"U:0","U:1","U:2","p","rho","vtkValidPointMask","arc_length","Points:0","Points:1","Points:2"
0.1117654964,-8.335136954e-05,0,8723035,1003.914978,1,0,0,0.0549999997,0
0.1277971268,-8.551072096e-05,0,8722282,1003.914612,1,0.0005000000237,0.0005000000237,0.0549999997,0
0.1438287497,-8.767007239e-05,0,8721529,1003.914246,1,0.001000000047,0.001000000047,0.0549999997,0
0.1598603725,-8.982942381e-05,0,8720776,1003.913879,1,0.001500000013,0.001500000013,0.0549999997,0
0.1758919954,-9.198877524e-05,0,8720022,1003.913452,1,0.002000000095,0.002000000095,0.0549999997,0
0.1919236332,-9.414813394e-05,0,8719269,1003.913086,1,0.002500000177,0.002500000177,0.0549999997,0
0.2079552561,-9.630747809e-05,0,8718516,1003.91272,1,0.003000000026,0.003000000026,0.0549999997,0
0.2286427319,-0.0001001067358,0,8717472,1003.912231,1,0.003500000108,0.003500000108,0.0549999997,0
0.2586419284,-0.0001071857841,0,8715847,1003.911499,1,0.00400000019,0.00400000019,0.0549999997,0
0.288641125,-0.0001142648325,0,8714222,1003.910706,1,0.004500000272,0.004500000272,0.0549999997,0
0.3186403215,-0.0001213438809,0,8712596,1003.909973,1,0.005000000354,0.005000000354,0.0549999997,0
0.348639518,-0.000128422922,0,8710971,1003.909241,1,0.005500000436,0.005500000436,0.0549999997,0
0.3786387146,-0.0001355019776,0,8709346,1003.908447,1,0.006000000052,0.006000000052,0.0549999997,0
0.4086379111,-0.0001425810187,0,8707720,1003.907715,1,0.006500000134,0.006500000134,0.0549999997,0
0.435264498,-0.0001541961537,0,8706541,1003.906982,1,0.007000000216,0.007000000216,0.0549999997,0
0.4602047801,-0.0001680793212,0,8705584,1003.90625,1,0.007500000298,0.007500000298,0.0549999997,0
0.4851450622,-0.0001819624886,0,8704628,1003.905518,1,0.00800000038,0.00800000038,0.0549999997,0
0.5100853443,-0.000195845656,0,8703671,1003.904724,1,0.008500000462,0.008500000462,0.0549999997,0
0.5350255966,-0.0002097288234,0,8702715,1003.903992,1,0.009000000544,0.009000000544,0.0549999997,0
0.5599659085,-0.0002236119908,0,8701758,1003.903259,1,0.009500000626,0.009500000626,0.0549999997,0
0.5849061608,-0.0002374951728,0,8700802,1003.902527,1,0.01000000071,0.01000000071,0.0549999997,0
0.6035054326,-0.0002616095589,0,8702119,1003.902893,1,0.01050000079,0.01050000079,0.0549999997,0
0.622104764,-0.0002857239451,0,8703436,1003.903259,1,0.01100000087,0.01100000087,0.0549999997,0
0.6407039762,-0.0003098383022,0,8704753,1003.903625,1,0.01150000002,0.01150000002,0.0549999997,0
0.6593033075,-0.0003339526884,0,8706070,1003.904053,1,0.0120000001,0.0120000001,0.0549999997,0
0.6779025793,-0.0003580670746,0,8707387,1003.904419,1,0.01250000019,0.01250000019,0.0549999997,0
0.6965018511,-0.0003821814607,0,8708704,1003.904785,1,0.01300000027,0.01300000027,0.0549999997,0
0.7129557133,-0.0004114955082,0,8711064,1003.905762,1,0.01350000035,0.01350000035,0.0549999997,0
0.7251187563,-0.000451208849,0,8715508,1003.90802,1,0.01400000043,0.01400000043,0.0549999997,0
0.7372817993,-0.0004909221898,0,8719952,1003.910278,1,0.01450000051,0.01450000051,0.0549999997,0
0.7494447827,-0.0005306355306,0,8724396,1003.912476,1,0.0150000006,0.0150000006,0.0549999997,0
0.7616078258,-0.0005703488714,0,8728840,1003.914734,1,0.01550000068,0.01550000068,0.0549999997,0
0.7737708688,-0.0006100622704,0,8733284,1003.916992,1,0.01600000076,0.01600000076,0.0549999997,0
0.7859338522,-0.0006497754948,0,8737729,1003.91925,1,0.01649999991,0.01649999991,0.0549999997,0
0.7944675684,-0.000705090235,0,8744068,1003.922485,1,0.01700000092,0.01700000092,0.0549999997,0
0.8011865616,-0.0007682055002,0,8751355,1003.926208,1,0.01750000007,0.01750000007,0.0549999997,0
0.8079056144,-0.0008313209401,0,8758643,1003.929993,1,0.01800000109,0.01800000109,0.0549999997,0
0.8146246672,-0.0008944361471,0,8765930,1003.933777,1,0.01850000024,0.01850000024,0.0549999997,0
0.8213436604,-0.0009575515869,0,8773217,1003.9375,1,0.01900000125,0.01900000125,0.0549999997,0
0.8280627131,-0.001020666794,0,8780505,1003.941284,1,0.0195000004,0.0195000004,0.0549999997,0
0.8347817063,-0.001083782408,0,8787792,1003.945007,1,0.02000000142,0.02000000142,0.0549999997,0
0.8377488852,-0.001181099913,0,8796694,1003.949341,1,0.02050000057,0.02050000057,0.0549999997,0
0.8407160044,-0.001278417767,0,8805595,1003.953613,1,0.02100000158,0.02100000158,0.0549999997,0
0.8436831832,-0.001375735272,0,8814497,1003.957947,1,0.02150000073,0.02150000073,0.0549999997,0
0.8466503024,-0.001473053126,0,8823398,1003.96228,1,0.02200000174,0.02200000174,0.0549999997,0
0.8496174812,-0.00157037063,0,8832300,1003.966553,1,0.02250000089,0.02250000089,0.0549999997,0
0.8525846004,-0.001667688135,0,8841202,1003.970886,1,0.02300000004,0.02300000004,0.0549999997,0
0.8549121618,-0.001781161875,0,8850125,1003.974976,1,0.02350000106,0.02350000106,0.0549999997,0
0.8559604883,-0.001926946919,0,8859091,1003.97876,1,0.02400000021,0.02400000021,0.0549999997,0
0.8570088148,-0.00207273243,0,8868057,1003.982483,1,0.02450000122,0.02450000122,0.0549999997,0
0.8580572009,-0.002218517475,0,8877024,1003.986267,1,0.02500000037,0.02500000037,0.0549999997,0
0.8591055274,-0.002364302985,0,8885990,1003.98999,1,0.02550000139,0.02550000139,0.0549999997,0
0.8601538539,-0.00251008803,0,8894956,1003.993774,1,0.02600000054,0.02600000054,0.0549999997,0
0.8612021804,-0.002655873541,0,8903923,1003.997498,1,0.02650000155,0.02650000155,0.0549999997,0
0.8619517684,-0.002845859155,0,8912141,1004.000854,1,0.0270000007,0.0270000007,0.0549999997,0
0.8625520468,-0.003057945985,0,8919986,1004.004089,1,0.02750000171,0.02750000171,0.0549999997,0
0.8631522655,-0.003270031884,0,8927831,1004.007263,1,0.02800000086,0.02800000086,0.0549999997,0
0.8637524843,-0.003482118482,0,8935676,1004.010437,1,0.02850000188,0.02850000188,0.0549999997,0
0.8643527627,-0.003694204381,0,8943521,1004.013611,1,0.02900000103,0.02900000103,0.0549999997,0
0.8649529815,-0.003906290978,0,8951366,1004.016846,1,0.02950000204,0.02950000204,0.0549999997,0
0.8655532598,-0.004118377343,0,8959211,1004.02002,1,0.03000000119,0.03000000119,0.0549999997,0
0.8665759563,-0.004417891614,0,8965458,1004.02301,1,0.03050000034,0.03050000034,0.0549999997,0
0.8675986528,-0.004717406817,0,8971705,1004.026001,1,0.03100000136,0.03100000136,0.0549999997,0
0.8686214089,-0.005016921088,0,8977951,1004.029053,1,0.03150000051,0.03150000051,0.0549999997,0
0.8696441054,-0.005316436291,0,8984198,1004.032043,1,0.03200000152,0.03200000152,0.0549999997,0
0.8706668615,-0.005615951493,0,8990445,1004.035034,1,0.03250000253,0.03250000253,0.0549999997,0
0.871689558,-0.005915464833,0,8996692,1004.038025,1,0.03299999982,0.03299999982,0.0549999997,0
0.8729698062,-0.006251986604,0,9002444,1004.040771,1,0.03350000083,0.03350000083,0.0549999997,0
0.8747650981,-0.006662523374,0,9007208,1004.04303,1,0.03400000185,0.03400000185,0.0549999997,0
0.8765603304,-0.007073059678,0,9011971,1004.045288,1,0.03450000286,0.03450000286,0.0549999997,0
0.8783556223,-0.007483593188,0,9016734,1004.047485,1,0.03500000015,0.03500000015,0.0549999997,0
0.8801509142,-0.007894129492,0,9021498,1004.049744,1,0.03550000116,0.03550000116,0.0549999997,0
0.8819462061,-0.008304665796,0,9026261,1004.052002,1,0.03600000218,0.03600000218,0.0549999997,0
0.8837414384,-0.008715203032,0,9031025,1004.05426,1,0.03650000319,0.03650000319,0.0549999997,0
0.8861092925,-0.009215959348,0,9035021,1004.055969,1,0.03700000048,0.03700000048,0.0549999997,0
0.8887633681,-0.009761829861,0,9038633,1004.057495,1,0.03750000149,0.03750000149,0.0549999997,0
0.8914175034,-0.0103077013,0,9042246,1004.059021,1,0.0380000025,0.0380000025,0.0549999997,0
0.894071579,-0.01085356809,0,9045858,1004.060486,1,0.03849999979,0.03849999979,0.0549999997,0
0.8967256546,-0.0113994386,0,9049470,1004.062012,1,0.0390000008,0.0390000008,0.0549999997,0
0.8993797898,-0.01194530912,0,9053083,1004.063477,1,0.03950000182,0.03950000182,0.0549999997,0
0.9020338655,-0.01249118149,0,9056695,1004.065002,1,0.04000000283,0.04000000283,0.0549999997,0
0.9055911899,-0.01319436543,0,9059409,1004.066345,1,0.04050000012,0.04050000012,0.0549999997,0
0.9091484547,-0.01389755402,0,9062123,1004.067627,1,0.04100000113,0.04100000113,0.0549999997,0
0.9127057791,-0.01460074354,0,9064837,1004.06897,1,0.04150000215,0.04150000215,0.0549999997,0
0.9162630439,-0.01530393213,0,9067551,1004.070251,1,0.04200000316,0.04200000316,0.0549999997,0
0.9198203087,-0.01600711606,0,9070265,1004.071594,1,0.04250000045,0.04250000045,0.0549999997,0
0.9233776331,-0.01671030559,0,9072979,1004.072876,1,0.04300000146,0.04300000146,0.0549999997,0
0.9272660613,-0.01747321896,0,9075434,1004.074097,1,0.04350000247,0.04350000247,0.0549999997,0
0.9318167567,-0.01835557632,0,9077373,1004.075012,1,0.04400000349,0.04400000349,0.0549999997,0
0.9363674521,-0.01923792809,0,9079312,1004.075928,1,0.04450000077,0.04450000077,0.0549999997,0
0.9409181476,-0.02012028545,0,9081251,1004.076904,1,0.04500000179,0.04500000179,0.0549999997,0
0.945468843,-0.02100264467,0,9083191,1004.07782,1,0.0455000028,0.0455000028,0.0549999997,0
0.9500195384,-0.02188499458,0,9085130,1004.078735,1,0.04600000009,0.04600000009,0.0549999997,0
0.9545702338,-0.0227673538,0,9087069,1004.079712,1,0.0465000011,0.0465000011,0.0549999997,0
0.959872365,-0.02377929166,0,9088529,1004.080505,1,0.04700000212,0.04700000212,0.0549999997,0
0.9655501246,-0.02485601977,0,9089751,1004.081238,1,0.04750000313,0.04750000313,0.0549999997,0
0.9712278247,-0.02593274042,0,9090972,1004.082031,1,0.04800000042,0.04800000042,0.0549999997,0
0.9769055843,-0.02700946853,0,9092193,1004.082764,1,0.04850000143,0.04850000143,0.0549999997,0
0.982583344,-0.02808619663,0,9093415,1004.083496,1,0.04900000244,0.04900000244,0.0549999997,0
0.9882611632,-0.02916292474,0,9094636,1004.08429,1,0.04950000346,0.04950000346,0.0549999997,0
0.9939388633,-0.03023964539,0,9095857,1004.085022,1,0.05000000075,0.05000000075,0.0549999997,0
1.000909686,-0.03151389956,0,9096409,1004.085388,1,0.05050000176,0.05050000176,0.0549999997,0
1.007880569,-0.03278815374,0,9096960,1004.085754,1,0.05100000277,0.05100000277,0.0549999997,0
1.014851451,-0.03406240419,0,9097512,1004.086121,1,0.05150000378,0.05150000378,0.0549999997,0
1.021822333,-0.03533665091,0,9098063,1004.086548,1,0.05200000107,0.05200000107,0.0549999997,0
1.028793216,-0.03661090508,0,9098615,1004.086914,1,0.05250000209,0.05250000209,0.0549999997,0
1.035763979,-0.03788515553,0,9099166,1004.08728,1,0.0530000031,0.0530000031,0.0549999997,0
1.04323709,-0.03922308609,0,9099515,1004.087524,1,0.05350000039,0.05350000039,0.0549999997,0
1.05171454,-0.04068839923,0,9099459,1004.087524,1,0.0540000014,0.0540000014,0.0549999997,0
1.060191989,-0.04215370864,0,9099403,1004.087524,1,0.05450000241,0.05450000241,0.0549999997,0
1.068669438,-0.04361902177,0,9099347,1004.087524,1,0.05500000343,0.05500000343,0.0549999997,0
1.077146769,-0.04508432001,0,9099291,1004.087524,1,0.05550000072,0.05550000072,0.0549999997,0
1.085624218,-0.04654963315,0,9099235,1004.087524,1,0.05600000173,0.05600000173,0.0549999997,0
1.094101787,-0.04801494256,0,9099179,1004.087524,1,0.05650000274,0.05650000274,0.0549999997,0
1.10378015,-0.04959636182,0,9098762,1004.087158,1,0.05700000376,0.05700000376,0.0549999997,0
1.114059091,-0.05123581737,0,9098164,1004.086609,1,0.05750000104,0.05750000104,0.0549999997,0
1.124338031,-0.05287528783,0,9097567,1004.085999,1,0.05800000206,0.05800000206,0.0549999997,0
1.13461709,-0.05451475456,0,9096970,1004.085449,1,0.05850000307,0.05850000307,0.0549999997,0
1.14489603,-0.05615422502,0,9096372,1004.0849,1,0.05900000408,0.05900000408,0.0549999997,0
1.155174851,-0.05779368058,0,9095775,1004.084351,1,0.05950000137,0.05950000137,0.0549999997,0
1.165453911,-0.05943315104,0,9095177,1004.08374,1,0.06000000238,0.06000000238,0.0549999997,0
1.177960396,-0.06121796742,0,9094107,1004.083008,1,0.0605000034,0.0605000034,0.0549999997,0
1.190466762,-0.06300276518,0,9093036,1004.082275,1,0.06100000069,0.06100000069,0.0549999997,0
1.202973127,-0.06478758156,0,9091965,1004.081543,1,0.0615000017,0.0615000017,0.0549999997,0
1.215479612,-0.06657239795,0,9090894,1004.08075,1,0.06200000271,0.06200000271,0.0549999997,0
1.227985978,-0.06835719943,0,9089824,1004.080017,1,0.0625,0.0625,0.0549999997,0
1.240492463,-0.07014201581,0,9088753,1004.079285,1,0.06300000101,0.06300000101,0.0549999997,0
1.253949642,-0.07196304202,0,9087545,1004.078552,1,0.06350000203,0.06350000203,0.0549999997,0
1.26930809,-0.07385648787,0,9086063,1004.078003,1,0.06400000304,0.06400000304,0.0549999997,0
1.284666657,-0.07574994117,0,9084580,1004.077454,1,0.06450000405,0.06450000405,0.0549999997,0
1.300025105,-0.07764339447,0,9083098,1004.076904,1,0.06500000507,0.06500000507,0.0549999997,0
1.315383554,-0.07953684032,0,9081616,1004.076355,1,0.06550000608,0.06550000608,0.0549999997,0
1.330741882,-0.08143026382,0,9080133,1004.075745,1,0.06599999964,0.06599999964,0.0549999997,0
1.34610033,-0.08332370967,0,9078651,1004.075195,1,0.06650000066,0.06650000066,0.0549999997,0
1.363991261,-0.08526050299,0,9076922,1004.074646,1,0.06700000167,0.06700000167,0.0549999997,0
1.383148432,-0.08721896261,0,9075069,1004.074097,1,0.06750000268,0.06750000268,0.0549999997,0
1.402305484,-0.08917742223,0,9073217,1004.073486,1,0.0680000037,0.0680000037,0.0549999997,0
1.421462655,-0.09113588184,0,9071364,1004.072937,1,0.06850000471,0.06850000471,0.0549999997,0
1.440619826,-0.09309434146,0,9069511,1004.072388,1,0.06900000572,0.06900000572,0.0549999997,0
1.45977664,-0.09505277127,0,9067659,1004.071838,1,0.06949999928,0.06949999928,0.0549999997,0
1.478933811,-0.09701123089,0,9065806,1004.071228,1,0.0700000003,0.0700000003,0.0549999997,0
1.503351808,-0.09896832705,0,9063588,1004.070312,1,0.07050000131,0.07050000131,0.0549999997,0
1.527769804,-0.1009254232,0,9061371,1004.069397,1,0.07100000232,0.07100000232,0.0549999997,0
1.5521878,-0.1028825119,0,9059153,1004.06842,1,0.07150000334,0.07150000334,0.0549999997,0
1.576605797,-0.1048396081,0,9056936,1004.067505,1,0.07200000435,0.07200000435,0.0549999997,0
1.601023793,-0.1067967042,0,9054718,1004.066589,1,0.07250000536,0.07250000536,0.0549999997,0
1.62544179,-0.1087538004,0,9052501,1004.065613,1,0.07300000638,0.07300000638,0.0549999997,0
1.65239799,-0.1106927171,0,9050133,1004.064514,1,0.07349999994,0.07349999994,0.0549999997,0
1.684431672,-0.1125953645,0,9047465,1004.062988,1,0.07400000095,0.07400000095,0.0549999997,0
1.716465354,-0.1144980192,0,9044797,1004.061523,1,0.07450000197,0.07450000197,0.0549999997,0
1.748499036,-0.116400674,0,9042129,1004.059998,1,0.07500000298,0.07500000298,0.0549999997,0
1.780532598,-0.1183033213,0,9039461,1004.058472,1,0.07550000399,0.07550000399,0.0549999997,0
1.81256628,-0.1202059761,0,9036792,1004.057007,1,0.07600000501,0.07600000501,0.0549999997,0
1.844599962,-0.1221086308,0,9034124,1004.055481,1,0.07650000602,0.07650000602,0.0549999997,0
1.884293795,-0.1239297464,0,9030988,1004.054016,1,0.07699999958,0.07699999958,0.0549999997,0
1.927818418,-0.1257101297,0,9027617,1004.05249,1,0.0775000006,0.0775000006,0.0549999997,0
1.97134316,-0.1274905205,0,9024247,1004.051025,1,0.07800000161,0.07800000161,0.0549999997,0
2.014867783,-0.1292709112,0,9020876,1004.0495,1,0.07850000262,0.07850000262,0.0549999997,0
2.058392525,-0.131051302,0,9017506,1004.048035,1,0.07900000364,0.07900000364,0.0549999997,0
2.101917267,-0.1328316927,0,9014135,1004.046509,1,0.07950000465,0.07950000465,0.0549999997,0
2.145442247,-0.1346120834,0,9010765,1004.044983,1,0.08000000566,0.08000000566,0.0549999997,0
2.207531691,-0.1361902505,0,9006231,1004.042969,1,0.08050000668,0.08050000668,0.0549999997,0
2.269619942,-0.1377683878,0,9001698,1004.040894,1,0.08100000024,0.08100000024,0.0549999997,0
2.331709385,-0.1393465549,0,8997164,1004.038818,1,0.08150000125,0.08150000125,0.0549999997,0
2.393798828,-0.140924722,0,8992631,1004.036743,1,0.08200000226,0.08200000226,0.0549999997,0
2.455888033,-0.142502889,0,8988097,1004.034668,1,0.08250000328,0.08250000328,0.0549999997,0
2.517977476,-0.1440810561,0,8983564,1004.032654,1,0.08300000429,0.08300000429,0.0549999997,0
2.589611292,-0.1455529779,0,8978289,1004.030212,1,0.0835000053,0.0835000053,0.0549999997,0
2.680333376,-0.1468124092,0,8971530,1004.026978,1,0.08400000632,0.08400000632,0.0549999997,0
2.771054268,-0.1480718255,0,8964771,1004.023804,1,0.08449999988,0.08449999988,0.0549999997,0
2.861776352,-0.1493312567,0,8958012,1004.02063,1,0.08500000089,0.08500000089,0.0549999997,0
2.952498436,-0.150590688,0,8951254,1004.017456,1,0.08550000191,0.08550000191,0.0549999997,0
3.043220758,-0.1518501192,0,8944495,1004.014282,1,0.08600000292,0.08600000292,0.0549999997,0
3.133942842,-0.1531095505,0,8937736,1004.011047,1,0.08650000393,0.08650000393,0.0549999997,0
3.26416564,-0.1540380269,0,8928452,1004.007019,1,0.08700000495,0.08700000495,0.0549999997,0
3.41413784,-0.1548010409,0,8917905,1004.002502,1,0.08750000596,0.08750000596,0.0549999997,0
3.564109802,-0.1555640548,0,8907359,1003.997986,1,0.08800000697,0.08800000697,0.0549999997,0
3.714079857,-0.1563270539,0,8896812,1003.99353,1,0.08850000054,0.08850000054,0.0549999997,0
3.864051819,-0.1570900679,0,8886265,1003.989014,1,0.08900000155,0.08900000155,0.0549999997,0
4.014024258,-0.1578530669,0,8875718,1003.984497,1,0.08950000256,0.08950000256,0.0549999997,0
4.16399622,-0.1586160809,0,8865171,1003.97998,1,0.09000000358,0.09000000358,0.0549999997,0
4.379047394,-0.1584865302,0,8846331,1003.971741,1,0.09050000459,0.09050000459,0.0549999997,0
4.594099045,-0.1583569795,0,8827491,1003.963501,1,0.0910000056,0.0910000056,0.0549999997,0
4.809150219,-0.1582274437,0,8808651,1003.955261,1,0.09150000662,0.09150000662,0.0549999997,0
5.024198532,-0.158097893,0,8789811,1003.947021,1,0.09200000018,0.09200000018,0.0549999997,0
5.239249706,-0.1579683423,0,8770971,1003.938721,1,0.09250000119,0.09250000119,0.0549999997,0
5.45430088,-0.1578387916,0,8752131,1003.930481,1,0.09300000221,0.09300000221,0.0549999997,0
5.752242565,-0.1571060866,0,8729176,1003.920166,1,0.09350000322,0.09350000322,0.0549999997,0
6.215960979,-0.1551671177,0,8697990,1003.905762,1,0.09400000423,0.09400000423,0.0549999997,0
6.679679394,-0.1532281488,0,8666805,1003.891296,1,0.09450000525,0.09450000525,0.0549999997,0
7.143397808,-0.151289165,0,8635619,1003.876831,1,0.09500000626,0.09500000626,0.0549999997,0
7.607116222,-0.1493501961,0,8604434,1003.862427,1,0.09550000727,0.09550000727,0.0549999997,0
8.070827484,-0.147411257,0,8573249,1003.847961,1,0.09600000083,0.09600000083,0.0549999997,0
8.534545898,-0.1454722732,0,8542063,1003.833557,1,0.09650000185,0.09650000185,0.0549999997,0
9.07875061,-0.1401248425,0,8495957,1003.812378,1,0.09700000286,0.09700000286,0.0549999997,0
9.66319561,-0.1330732405,0,8442390,1003.787781,1,0.09750000387,0.09750000387,0.0549999997,0
10.24764061,-0.1260216534,0,8388823,1003.763245,1,0.09800000489,0.09800000489,0.0549999997,0
10.83208561,-0.1189700589,0,8335256,1003.738647,1,0.0985000059,0.0985000059,0.0549999997,0
11.41653156,-0.1119184643,0,8281689,1003.714111,1,0.09900000691,0.09900000691,0.0549999997,0
12.00096798,-0.1048669741,0,8228123,1003.689514,1,0.09950000048,0.09950000048,0.0549999997,0
12.58541298,-0.0978153795,0,8174556,1003.664978,1,0.1000000015,0.1000000015,0.0549999997,0
12.92581081,-0.08502268791,0,8077941,1003.620911,1,0.1005000025,0.1005000025,0.0549999997,0
13.26620865,-0.07223000377,0,7981326,1003.576843,1,0.1010000035,0.1010000035,0.0549999997,0
13.60660648,-0.05943731219,0,7884711,1003.532776,1,0.1015000045,0.1015000045,0.0549999997,0
13.9469986,-0.04664472863,0,7788096,1003.488708,1,0.1020000055,0.1020000055,0.0549999997,0
13.91144943,-0.04108976573,0,7704568.5,1003.450623,1,0.1025000066,0.1025000066,0.0549999997,0
13.87589931,-0.0355347991,0,7621040.5,1003.412476,1,0.1030000076,0.1030000076,0.0549999997,0
13.84035015,-0.02997991815,0,7537514,1003.37439,1,0.1035000011,0.1035000011,0.0549999997,0
13.80480003,-0.02442495525,0,7453986,1003.336243,1,0.1040000021,0.1040000021,0.0549999997,0
13.8596096,-0.02153164148,0,7359558.5,1003.293457,1,0.1045000032,0.1045000032,0.0549999997,0
13.91441917,-0.01863832958,0,7265130.5,1003.25061,1,0.1050000042,0.1050000042,0.0549999997,0
13.96922874,-0.01574501768,0,7170702.5,1003.207825,1,0.1055000052,0.1055000052,0.0549999997,0
14.02403831,-0.01285172533,0,7076274.5,1003.165039,1,0.1060000062,0.1060000062,0.0549999997,0
14.08592033,-0.01131711341,0,6973529,1003.118469,1,0.1065000072,0.1065000072,0.0549999997,0
14.14780045,-0.009782523848,0,6870784.5,1003.071899,1,0.1070000008,0.1070000008,0.0549999997,0
14.20968151,-0.00824791193,0,6768038.5,1003.02533,1,0.1075000018,0.1075000018,0.0549999997,0
14.27156258,-0.006713300012,0,6665292.5,1002.97876,1,0.1080000028,0.1080000028,0.0549999997,0
14.3353157,-0.005903000943,0,6555729,1002.929382,1,0.1085000038,0.1085000038,0.0549999997,0
14.39906883,-0.005092701409,0,6446165.5,1002.880005,1,0.1090000048,0.1090000048,0.0549999997,0
14.46282291,-0.004282401875,0,6336602,1002.830627,1,0.1095000058,0.1095000058,0.0549999997,0
14.52657604,-0.003472108394,0,6227038.5,1002.78125,1,0.1100000069,0.1100000069,0.0549999997,0
14.59464455,-0.003051729174,0,6112312.5,1002.729675,1,0.1105000079,0.1105000079,0.0549999997,0
14.6627121,-0.002631356474,0,5997588,1002.678101,1,0.1110000014,0.1110000014,0.0549999997,0
14.73078156,-0.002210977254,0,5882862,1002.626526,1,0.1115000024,0.1115000024,0.0549999997,0
14.79885006,-0.001790598268,0,5768136,1002.574951,1,0.1120000035,0.1120000035,0.0549999997,0
14.86909771,-0.001572042122,0,5650474,1002.521179,1,0.1125000045,0.1125000045,0.0549999997,0
14.93934441,-0.001353486092,0,5532811.5,1002.467468,1,0.1130000055,0.1130000055,0.0549999997,0
15.00959206,-0.001134929946,0,5415149.5,1002.413696,1,0.1135000065,0.1135000065,0.0549999997,0
15.07983875,-0.0009163754876,0,5297487,1002.359985,1,0.1140000075,0.1140000075,0.0549999997,0
15.15004158,-0.0008039323729,0,5179364,1002.306213,1,0.1145000011,0.1145000011,0.0549999997,0
15.22024441,-0.0006914876285,0,5061239,1002.252502,1,0.1150000021,0.1150000021,0.0549999997,0
15.29044819,-0.0005790428258,0,4943114.5,1002.19873,1,0.1155000031,0.1155000031,0.0549999997,0
15.36065197,-0.0004665988963,0,4824989.5,1002.14502,1,0.1160000041,0.1160000041,0.0549999997,0
15.429039,-0.000409148779,0,4708841.5,1002.092529,1,0.1165000051,0.1165000051,0.0549999997,0
15.49742603,-0.0003516986326,0,4592693.5,1002.039978,1,0.1170000061,0.1170000061,0.0549999997,0
15.56581402,-0.0002942485153,0,4476545,1001.987488,1,0.1175000072,0.1175000072,0.0549999997,0
15.63420105,-0.0002367988054,0,4360397,1001.934998,1,0.1180000082,0.1180000082,0.0549999997,0
15.69923782,-0.0002075351222,0,4248408,1001.883728,1,0.1185000017,0.1185000017,0.0549999997,0
15.76427555,-0.0001782710024,0,4136417.25,1001.832458,1,0.1190000027,0.1190000027,0.0549999997,0
15.82931328,-0.0001490068826,0,4024426.5,1001.78125,1,0.1195000038,0.1195000038,0.0549999997,0
15.89435101,-0.000119742981,0,3912436,1001.72998,1,0.1200000048,0.1200000048,0.0549999997,0
15.95481682,-0.0001048510458,0,3806350.5,1001.681213,1,0.1205000058,0.1205000058,0.0549999997,0
16.01528168,-8.995911048e-05,0,3700265.25,1001.632507,1,0.1210000068,0.1210000068,0.0549999997,0
16.07574844,-7.506716793e-05,0,3594180,1001.58374,1,0.1215000078,0.1215000078,0.0549999997,0
16.1362114,-6.017545456e-05,0,3488096.25,1001.535034,1,0.1220000014,0.1220000014,0.0549999997,0
16.19125557,-5.261351544e-05,0,3389119.75,1001.48999,1,0.1225000024,0.1225000024,0.0549999997,0
16.24629974,-4.505157631e-05,0,3290143,1001.445007,1,0.1230000034,0.1230000034,0.0549999997,0
16.30134392,-3.748963718e-05,0,3191166.5,1001.399963,1,0.1235000044,0.1235000044,0.0549999997,0
16.35638809,-2.992775262e-05,0,3092190,1001.35498,1,0.1240000054,0.1240000054,0.0549999997,0
16.4055481,-2.611573655e-05,0,3000949.25,1001.313721,1,0.1245000064,0.1245000064,0.0549999997,0
16.45470619,-2.230377686e-05,0,2909710,1001.272461,1,0.125,0.125,0.0549999997,0
16.5038662,-1.849170258e-05,0,2818468,1001.231262,1,0.1255000085,0.1255000085,0.0549999997,0
16.55302429,-1.467974289e-05,0,2727228.75,1001.190002,1,0.126000002,0.126000002,0.0549999997,0
16.59617805,-1.277859883e-05,0,2643806.5,1001.152466,1,0.1265000105,0.1265000105,0.0549999997,0
16.63933182,-1.087751116e-05,0,2560386.75,1001.11499,1,0.1270000041,0.1270000041,0.0549999997,0
16.68248367,-8.976423487e-06,0,2476967.25,1001.077515,1,0.1274999976,0.1274999976,0.0549999997,0
16.72563744,-7.075279427e-06,0,2393545,1001.039978,1,0.1280000061,0.1280000061,0.0549999997,0
16.76294708,-6.136488992e-06,0,2317584.75,1001.006226,1,0.1284999996,0.1284999996,0.0549999997,0
16.80025673,-5.197670362e-06,0,2241622,1000.972473,1,0.1290000081,0.1290000081,0.0549999997,0
16.83756447,-4.258879926e-06,0,2165661.5,1000.938782,1,0.1295000017,0.1295000017,0.0549999997,0
16.87487411,-3.320075621e-06,0,2089699.25,1000.905029,1,0.1300000101,0.1300000101,0.0549999997,0
16.90673065,-2.861177791e-06,0,2020524.625,1000.873779,1,0.1305000037,0.1305000037,0.0549999997,0
16.93858719,-2.402266091e-06,0,1951348,1000.842529,1,0.1310000122,0.1310000122,0.0549999997,0
16.97044373,-1.943368261e-06,0,1882173.375,1000.811279,1,0.1315000057,0.1315000057,0.0549999997,0
17.00230026,-1.484470204e-06,0,1812998.75,1000.780029,1,0.1319999993,0.1319999993,0.0549999997,0
17.02916336,-1.25740155e-06,0,1749749.625,1000.751282,1,0.1325000077,0.1325000077,0.0549999997,0
17.05602646,-1.030339604e-06,0,1686502.5,1000.722534,1,0.1330000013,0.1330000013,0.0549999997,0
17.08288765,-8.032708934e-07,0,1623253.375,1000.693726,1,0.1335000098,0.1335000098,0.0549999997,0
17.10975075,-5.762089472e-07,0,1560006.25,1000.664978,1,0.1340000033,0.1340000033,0.0549999997,0
17.13230133,-4.581075359e-07,0,1501768.875,1000.638733,1,0.1345000118,0.1345000118,0.0549999997,0
17.15485191,-3.400096489e-07,0,1443533.125,1000.612488,1,0.1350000054,0.1350000054,0.0549999997,0
17.17740059,-2.219117619e-07,0,1385297.375,1000.586243,1,0.1354999989,0.1354999989,0.0549999997,0
17.19995117,-1.038103647e-07,0,1327060,1000.559998,1,0.1360000074,0.1360000074,0.0549999997,0
17.2181263,-3.982956542e-08,0,1272939.125,1000.534973,1,0.136500001,0.136500001,0.0549999997,0
17.23630142,2.415313816e-08,0,1218816.75,1000.509949,1,0.1370000094,0.1370000094,0.0549999997,0
17.25447464,8.813393748e-08,0,1164695.875,1000.484985,1,0.137500003,0.137500003,0.0549999997,0
17.27264977,1.521156889e-07,0,1110573.5,1000.459961,1,0.1380000114,0.1380000114,0.0549999997,0
17.28899956,1.839482024e-07,0,1059769.75,1000.436218,1,0.138500005,0.138500005,0.0549999997,0
17.30535126,2.15780716e-07,0,1008966.062,1000.412476,1,0.1389999986,0.1389999986,0.0549999997,0
17.32170105,2.476141674e-07,0,958160.8125,1000.388733,1,0.139500007,0.139500007,0.0549999997,0
17.33805084,2.794466809e-07,0,907357.125,1000.36499,1,0.1400000006,0.1400000006,0.0549999997,0
17.34711266,2.911389743e-07,0,859170.1875,1000.34375,1,0.1405000091,0.1405000091,0.0549999997,0
17.35617447,3.028309266e-07,0,810984.625,1000.32251,1,0.1410000026,0.1410000026,0.0549999997,0
17.36523819,3.145231915e-07,0,762797.6875,1000.30127,1,0.1415000111,0.1415000111,0.0549999997,0
17.3743,3.262151438e-07,0,714612.125,1000.280029,1,0.1420000046,0.1420000046,0.0549999997,0
17.39330101,3.257004266e-07,0,668330.4375,1000.258789,1,0.1425000131,0.1425000131,0.0549999997,0
17.41230011,3.251857379e-07,0,622050.1875,1000.237488,1,0.1430000067,0.1430000067,0.0549999997,0
17.43130112,3.246710492e-07,0,575769.875,1000.216248,1,0.1435000002,0.1435000002,0.0549999997,0
17.45030022,3.241561046e-07,0,529488.3125,1000.195007,1,0.1440000087,0.1440000087,0.0549999997,0
17.45053864,3.156075934e-07,0,484651.3438,1000.173767,1,0.1445000023,0.1445000023,0.0549999997,0
17.45077515,3.070587979e-07,0,439813.0312,1000.152466,1,0.1450000107,0.1450000107,0.0549999997,0
17.45101357,2.985102867e-07,0,394976.0938,1000.131226,1,0.1455000043,0.1455000043,0.0549999997,0
17.45125008,2.899610365e-07,0,350137.8125,1000.109985,1,0.1460000128,0.1460000128,0.0549999997,0
17.44664955,2.663830969e-07,0,306222.9375,1000.090454,1,0.1465000063,0.1465000063,0.0549999997,0
17.44205093,2.428051289e-07,0,262308.0625,1000.070984,1,0.1469999999,0.1469999999,0.0549999997,0
17.43745041,2.192264645e-07,0,218391.8906,1000.051453,1,0.1475000083,0.1475000083,0.0549999997,0
17.43284988,1.956484965e-07,0,174477.0156,1000.031982,1,0.1480000019,0.1480000019,0.0549999997,0
17.44643784,1.779176699e-07,0,152641.1875,1000.022461,1,0.1485000104,0.1485000104,0.0549999997,0
17.46002579,1.601873549e-07,0,130806.0234,1000.013,1,0.1490000039,0.1490000039,0.0549999997,0
17.47361183,1.424565141e-07,0,108970.1953,1000.003479,1,0.1495000124,0.1495000124,0.0549999997,0
17.48719978,1.247261991e-07,0,87135.02344,999.9940186,1,0.150000006,0.150000006,0.0549999997,0
