"N","min(U (0))","q1(U (0))","med(U (0))","q3(U (0))","max(U (0))","avg(U (0))","std(U (0))","sum(U (0))","min(U (1))","q1(U (1))","med(U (1))","q3(U (1))","max(U (1))","avg(U (1))","std(U (1))","sum(U (1))","min(U (2))","q1(U (2))","med(U (2))","q3(U (2))","max(U (2))","avg(U (2))","std(U (2))","sum(U (2))","min(U (Magnitude))","q1(U (Magnitude))","med(U (Magnitude))","q3(U (Magnitude))","max(U (Magnitude))","avg(U (Magnitude))","std(U (Magnitude))","sum(U (Magnitude))","min(p)","q1(p)","med(p)","q3(p)","max(p)","avg(p)","std(p)","sum(p)","min(rho)","q1(rho)","med(rho)","q3(rho)","max(rho)","avg(rho)","std(rho)","sum(rho)","min(vtkValidPointMask)","q1(vtkValidPointMask)","med(vtkValidPointMask)","q3(vtkValidPointMask)","max(vtkValidPointMask)","avg(vtkValidPointMask)","std(vtkValidPointMask)","sum(vtkValidPointMask)","min(X)","q1(X)","med(X)","q3(X)","max(X)","avg(X)","std(X)","sum(X)","min(Y)","q1(Y)","med(Y)","q3(Y)","max(Y)","avg(Y)","std(Y)","sum(Y)","min(Z)","q1(Z)","med(Z)","q3(Z)","max(Z)","avg(Z)","std(Z)","sum(Z)","vtkValidPointMask","Time"
1,2.387352409e-15,2.387352409e-15,2.387352409e-15,2.387352409e-15,2.387352409e-15,2.387352409e-15,0,2.387352409e-15,2.015985425e-15,2.015985425e-15,2.015985425e-15,2.015985425e-15,2.015985425e-15,2.015985425e-15,0,2.015985425e-15,0,0,0,0,0,0,0,0,3.12468379e-15,3.12468379e-15,3.12468379e-15,3.12468379e-15,3.12468379e-15,3.12468379e-15,0,3.12468379e-15,10000000,10000000,10000000,10000000,10000000,10000000,0,10000000,1004.48999,1004.48999,1004.48999,1004.48999,1004.48999,1004.48999,0,1004.48999,1,1,1,1,1,1,0,1,0.02999999933,0.02999999933,0.02999999933,0.02999999933,0.02999999933,0.02999999933,0,0.02999999933,0.0549999997,0.0549999997,0.0549999997,0.0549999997,0.0549999997,0.0549999997,0,0.0549999997,0,0,0,0,0,0,0,0,1,5e-06
1,3.103556036e-15,3.103556036e-15,3.103556036e-15,3.103556036e-15,3.103556036e-15,3.103556036e-15,0,3.103556036e-15,1.326300918e-15,1.326300918e-15,1.326300918e-15,1.326300918e-15,1.326300918e-15,1.326300918e-15,0,1.326300918e-15,0,0,0,0,0,0,0,0,3.375075411e-15,3.375075411e-15,3.375075411e-15,3.375075411e-15,3.375075411e-15,3.375075411e-15,0,3.375075411e-15,10000000,10000000,10000000,10000000,10000000,10000000,0,10000000,1004.48999,1004.48999,1004.48999,1004.48999,1004.48999,1004.48999,0,1004.48999,1,1,1,1,1,1,0,1,0.02999999933,0.02999999933,0.02999999933,0.02999999933,0.02999999933,0.02999999933,0,0.02999999933,0.0549999997,0.0549999997,0.0549999997,0.0549999997,0.0549999997,0.0549999997,0,0.0549999997,0,0,0,0,0,0,0,0,1,1e-05
1,3.156606133e-15,3.156606133e-15,3.156606133e-15,3.156606133e-15,3.156606133e-15,3.156606133e-15,0,3.156606133e-15,-7.427370393e-16,-7.427370393e-16,-7.427370393e-16,-7.427370393e-16,-7.427370393e-16,-7.427370393e-16,0,-7.427370393e-16,0,0,0,0,0,0,0,0,3.242810581e-15,3.242810581e-15,3.242810581e-15,3.242810581e-15,3.242810581e-15,3.242810581e-15,0,3.242810581e-15,10000000,10000000,10000000,10000000,10000000,10000000,0,10000000,1004.48999,1004.48999,1004.48999,1004.48999,1004.48999,1004.48999,0,1004.48999,1,1,1,1,1,1,0,1,0.02999999933,0.02999999933,0.02999999933,0.02999999933,0.02999999933,0.02999999933,0,0.02999999933,0.0549999997,0.0549999997,0.0549999997,0.0549999997,0.0549999997,0.0549999997,0,0.0549999997,0,0,0,0,0,0,0,0,1,1.5e-05
1,3.395343216e-15,3.395343216e-15,3.395343216e-15,3.395343216e-15,3.395343216e-15,3.395343216e-15,0,3.395343216e-15,-8.488441684e-16,-8.488441684e-16,-8.488441684e-16,-8.488441684e-16,-8.488441684e-16,-8.488441684e-16,0,-8.488441684e-16,0,0,0,0,0,0,0,0,3.49984167e-15,3.49984167e-15,3.49984167e-15,3.49984167e-15,3.49984167e-15,3.49984167e-15,0,3.49984167e-15,10000000,10000000,10000000,10000000,10000000,10000000,0,10000000,1004.48999,1004.48999,1004.48999,1004.48999,1004.48999,1004.48999,0,1004.48999,1,1,1,1,1,1,0,1,0.02999999933,0.02999999933,0.02999999933,0.02999999933,0.02999999933,0.02999999933,0,0.02999999933,0.0549999997,0.0549999997,0.0549999997,0.0549999997,0.0549999997,0.0549999997,0,0.0549999997,0,0,0,0,0,0,0,0,1,2e-05
1,4.721651333e-15,4.721651333e-15,4.721651333e-15,4.721651333e-15,4.721651333e-15,4.721651333e-15,0,4.721651333e-15,-5.83581719e-16,-5.83581719e-16,-5.83581719e-16,-5.83581719e-16,-5.83581719e-16,-5.83581719e-16,0,-5.83581719e-16,0,0,0,0,0,0,0,0,4.757579083e-15,4.757579083e-15,4.757579083e-15,4.757579083e-15,4.757579083e-15,4.757579083e-15,0,4.757579083e-15,10000000,10000000,10000000,10000000,10000000,10000000,0,10000000,1004.48999,1004.48999,1004.48999,1004.48999,1004.48999,1004.48999,0,1004.48999,1,1,1,1,1,1,0,1,0.02999999933,0.02999999933,0.02999999933,0.02999999933,0.02999999933,0.02999999933,0,0.02999999933,0.0549999997,0.0549999997,0.0549999997,0.0549999997,0.0549999997,0.0549999997,0,0.0549999997,0,0,0,0,0,0,0,0,1,2.5e-05
1,1.557348001e-12,1.557348001e-12,1.557348001e-12,1.557348001e-12,1.557348001e-12,1.557348001e-12,0,1.557348001e-12,-1.379292146e-15,-1.379292146e-15,-1.379292146e-15,-1.379292146e-15,-1.379292146e-15,-1.379292146e-15,0,-1.379292146e-15,0,0,0,0,0,0,0,0,1.557348651e-12,1.557348651e-12,1.557348651e-12,1.557348651e-12,1.557348651e-12,1.557348651e-12,0,1.557348651e-12,10000000,10000000,10000000,10000000,10000000,10000000,0,10000000,1004.48999,1004.48999,1004.48999,1004.48999,1004.48999,1004.48999,0,1004.48999,1,1,1,1,1,1,0,1,0.02999999933,0.02999999933,0.02999999933,0.02999999933,0.02999999933,0.02999999933,0,0.02999999933,0.0549999997,0.0549999997,0.0549999997,0.0549999997,0.0549999997,0.0549999997,0,0.0549999997,0,0,0,0,0,0,0,0,1,3e-05
1,2.959008871e-10,2.959008871e-10,2.959008871e-10,2.959008871e-10,2.959008871e-10,2.959008871e-10,0,2.959008871e-10,-2.215970835e-14,-2.215970835e-14,-2.215970835e-14,-2.215970835e-14,-2.215970835e-14,-2.215970835e-14,0,-2.215970835e-14,0,0,0,0,0,0,0,0,2.959008871e-10,2.959008871e-10,2.959008871e-10,2.959008871e-10,2.959008871e-10,2.959008871e-10,0,2.959008871e-10,10000000,10000000,10000000,10000000,10000000,10000000,0,10000000,1004.48999,1004.48999,1004.48999,1004.48999,1004.48999,1004.48999,0,1004.48999,1,1,1,1,1,1,0,1,0.02999999933,0.02999999933,0.02999999933,0.02999999933,0.02999999933,0.02999999933,0,0.02999999933,0.0549999997,0.0549999997,0.0549999997,0.0549999997,0.0549999997,0.0549999997,0,0.0549999997,0,0,0,0,0,0,0,0,1,3.5e-05
1,2.482537553e-08,2.482537553e-08,2.482537553e-08,2.482537553e-08,2.482537553e-08,2.482537553e-08,0,2.482537553e-08,-1.393073916e-12,-1.393073916e-12,-1.393073916e-12,-1.393073916e-12,-1.393073916e-12,-1.393073916e-12,0,-1.393073916e-12,0,0,0,0,0,0,0,0,2.482537553e-08,2.482537553e-08,2.482537553e-08,2.482537553e-08,2.482537553e-08,2.482537553e-08,0,2.482537553e-08,10000000,10000000,10000000,10000000,10000000,10000000,0,10000000,1004.48999,1004.48999,1004.48999,1004.48999,1004.48999,1004.48999,0,1004.48999,1,1,1,1,1,1,0,1,0.02999999933,0.02999999933,0.02999999933,0.02999999933,0.02999999933,0.02999999933,0,0.02999999933,0.0549999997,0.0549999997,0.0549999997,0.0549999997,0.0549999997,0.0549999997,0,0.0549999997,0,0,0,0,0,0,0,0,1,4e-05
1,1.060844397e-06,1.060844397e-06,1.060844397e-06,1.060844397e-06,1.060844397e-06,1.060844397e-06,0,1.060844397e-06,-4.9553181e-11,-4.9553181e-11,-4.9553181e-11,-4.9553181e-11,-4.9553181e-11,-4.9553181e-11,0,-4.9553181e-11,0,0,0,0,0,0,0,0,1.060844397e-06,1.060844397e-06,1.060844397e-06,1.060844397e-06,1.060844397e-06,1.060844397e-06,0,1.060844397e-06,10000000,10000000,10000000,10000000,10000000,10000000,0,10000000,1004.48999,1004.48999,1004.48999,1004.48999,1004.48999,1004.48999,0,1004.48999,1,1,1,1,1,1,0,1,0.02999999933,0.02999999933,0.02999999933,0.02999999933,0.02999999933,0.02999999933,0,0.02999999933,0.0549999997,0.0549999997,0.0549999997,0.0549999997,0.0549999997,0.0549999997,0,0.0549999997,0,0,0,0,0,0,0,0,1,4.5e-05
1,2.554647472e-05,2.554647472e-05,2.554647472e-05,2.554647472e-05,2.554647472e-05,2.554647472e-05,0,2.554647472e-05,-1.005247219e-09,-1.005247219e-09,-1.005247219e-09,-1.005247219e-09,-1.005247219e-09,-1.005247219e-09,0,-1.005247219e-09,0,0,0,0,0,0,0,0,2.554647472e-05,2.554647472e-05,2.554647472e-05,2.554647472e-05,2.554647472e-05,2.554647472e-05,0,2.554647472e-05,9999965,9999965,9999965,9999965,9999965,9999965,0,9999965,1004.48999,1004.48999,1004.48999,1004.48999,1004.48999,1004.48999,0,1004.48999,1,1,1,1,1,1,0,1,0.02999999933,0.02999999933,0.02999999933,0.02999999933,0.02999999933,0.02999999933,0,0.02999999933,0.0549999997,0.0549999997,0.0549999997,0.0549999997,0.0549999997,0.0549999997,0,0.0549999997,0,0,0,0,0,0,0,0,1,5e-05
1,0.0003730252502,0.0003730252502,0.0003730252502,0.0003730252502,0.0003730252502,0.0003730252502,0,0.0003730252502,-1.247247106e-08,-1.247247106e-08,-1.247247106e-08,-1.247247106e-08,-1.247247106e-08,-1.247247106e-08,0,-1.247247106e-08,0,0,0,0,0,0,0,0,0.0003730252502,0.0003730252502,0.0003730252502,0.0003730252502,0.0003730252502,0.0003730252502,0,0.0003730252502,9999492,9999492,9999492,9999492,9999492,9999492,0,9999492,1004.48999,1004.48999,1004.48999,1004.48999,1004.48999,1004.48999,0,1004.48999,1,1,1,1,1,1,0,1,0.02999999933,0.02999999933,0.02999999933,0.02999999933,0.02999999933,0.02999999933,0,0.02999999933,0.0549999997,0.0549999997,0.0549999997,0.0549999997,0.0549999997,0.0549999997,0,0.0549999997,0,0,0,0,0,0,0,0,1,5.5e-05
1,0.00348401512,0.00348401512,0.00348401512,0.00348401512,0.00348401512,0.00348401512,0,0.00348401512,-1.000250407e-07,-1.000250407e-07,-1.000250407e-07,-1.000250407e-07,-1.000250407e-07,-1.000250407e-07,0,-1.000250407e-07,0,0,0,0,0,0,0,0,0.00348401512,0.00348401512,0.00348401512,0.00348401512,0.00348401512,0.00348401512,0,0.00348401512,9995205,9995205,9995205,9995205,9995205,9995205,0,9995205,1004.48999,1004.48999,1004.48999,1004.48999,1004.48999,1004.48999,0,1004.48999,1,1,1,1,1,1,0,1,0.02999999933,0.02999999933,0.02999999933,0.02999999933,0.02999999933,0.02999999933,0,0.02999999933,0.0549999997,0.0549999997,0.0549999997,0.0549999997,0.0549999997,0.0549999997,0,0.0549999997,0,0,0,0,0,0,0,0,1,6e-05
1,0.02163482644,0.02163482644,0.02163482644,0.02163482644,0.02163482644,0.02163482644,0,0.02163482644,-5.399472798e-07,-5.399472798e-07,-5.399472798e-07,-5.399472798e-07,-5.399472798e-07,-5.399472798e-07,0,-5.399472798e-07,0,0,0,0,0,0,0,0,0.02163482644,0.02163482644,0.02163482644,0.02163482644,0.02163482644,0.02163482644,0,0.02163482644,9969912,9969912,9969912,9969912,9969912,9969912,0,9969912,1004.484985,1004.484985,1004.484985,1004.484985,1004.484985,1004.484985,0,1004.484985,1,1,1,1,1,1,0,1,0.02999999933,0.02999999933,0.02999999933,0.02999999933,0.02999999933,0.02999999933,0,0.02999999933,0.0549999997,0.0549999997,0.0549999997,0.0549999997,0.0549999997,0.0549999997,0,0.0549999997,0,0,0,0,0,0,0,0,1,6.5e-05
1,0.0917885378,0.0917885378,0.0917885378,0.0917885378,0.0917885378,0.0917885378,0,0.0917885378,-2.028868948e-06,-2.028868948e-06,-2.028868948e-06,-2.028868948e-06,-2.028868948e-06,-2.028868948e-06,0,-2.028868948e-06,0,0,0,0,0,0,0,0,0.0917885378,0.0917885378,0.0917885378,0.0917885378,0.0917885378,0.0917885378,0,0.0917885378,9871331,9871331,9871331,9871331,9871331,9871331,0,9871331,1004.434998,1004.434998,1004.434998,1004.434998,1004.434998,1004.434998,0,1004.434998,1,1,1,1,1,1,0,1,0.02999999933,0.02999999933,0.02999999933,0.02999999933,0.02999999933,0.02999999933,0,0.02999999933,0.0549999997,0.0549999997,0.0549999997,0.0549999997,0.0549999997,0.0549999997,0,0.0549999997,0,0,0,0,0,0,0,0,1,7e-05
1,0.2709724009,0.2709724009,0.2709724009,0.2709724009,0.2709724009,0.2709724009,0,0.2709724009,-5.474333193e-06,-5.474333193e-06,-5.474333193e-06,-5.474333193e-06,-5.474333193e-06,-5.474333193e-06,0,-5.474333193e-06,0,0,0,0,0,0,0,0,0.2709724009,0.2709724009,0.2709724009,0.2709724009,0.2709724009,0.2709724009,0,0.2709724009,9618723,9618723,9618723,9618723,9618723,9618723,0,9618723,1004.32251,1004.32251,1004.32251,1004.32251,1004.32251,1004.32251,0,1004.32251,1,1,1,1,1,1,0,1,0.02999999933,0.02999999933,0.02999999933,0.02999999933,0.02999999933,0.02999999933,0,0.02999999933,0.0549999997,0.0549999997,0.0549999997,0.0549999997,0.0549999997,0.0549999997,0,0.0549999997,0,0,0,0,0,0,0,0,1,7.5e-05
1,0.5636091232,0.5636091232,0.5636091232,0.5636091232,0.5636091232,0.5636091232,0,0.5636091232,-1.106658146e-05,-1.106658146e-05,-1.106658146e-05,-1.106658146e-05,-1.106658146e-05,-1.106658146e-05,0,-1.106658146e-05,0,0,0,0,0,0,0,0,0.5636091232,0.5636091232,0.5636091232,0.5636091232,0.5636091232,0.5636091232,0,0.5636091232,9209516,9209516,9209516,9209516,9209516,9209516,0,9209516,1004.137512,1004.137512,1004.137512,1004.137512,1004.137512,1004.137512,0,1004.137512,1,1,1,1,1,1,0,1,0.02999999933,0.02999999933,0.02999999933,0.02999999933,0.02999999933,0.02999999933,0,0.02999999933,0.0549999997,0.0549999997,0.0549999997,0.0549999997,0.0549999997,0.0549999997,0,0.0549999997,0,0,0,0,0,0,0,0,1,8e-05
1,0.842697382,0.842697382,0.842697382,0.842697382,0.842697382,0.842697382,0,0.842697382,-2.099829726e-05,-2.099829726e-05,-2.099829726e-05,-2.099829726e-05,-2.099829726e-05,-2.099829726e-05,0,-2.099829726e-05,0,0,0,0,0,0,0,0,0.842697382,0.842697382,0.842697382,0.842697382,0.842697382,0.842697382,0,0.842697382,8838317,8838317,8838317,8838317,8838317,8838317,0,8838317,1003.964966,1003.964966,1003.964966,1003.964966,1003.964966,1003.964966,0,1003.964966,1,1,1,1,1,1,0,1,0.02999999933,0.02999999933,0.02999999933,0.02999999933,0.02999999933,0.02999999933,0,0.02999999933,0.0549999997,0.0549999997,0.0549999997,0.0549999997,0.0549999997,0.0549999997,0,0.0549999997,0,0,0,0,0,0,0,0,1,8.5e-05
1,0.9630982876,0.9630982876,0.9630982876,0.9630982876,0.9630982876,0.9630982876,0,0.9630982876,-8.383897512e-05,-8.383897512e-05,-8.383897512e-05,-8.383897512e-05,-8.383897512e-05,-8.383897512e-05,0,-8.383897512e-05,0,0,0,0,0,0,0,0,0.9630982876,0.9630982876,0.9630982876,0.9630982876,0.9630982876,0.9630982876,0,0.9630982876,8721044,8721044,8721044,8721044,8721044,8721044,0,8721044,1003.914978,1003.914978,1003.914978,1003.914978,1003.914978,1003.914978,0,1003.914978,1,1,1,1,1,1,0,1,0.02999999933,0.02999999933,0.02999999933,0.02999999933,0.02999999933,0.02999999933,0,0.02999999933,0.0549999997,0.0549999997,0.0549999997,0.0549999997,0.0549999997,0.0549999997,0,0.0549999997,0,0,0,0,0,0,0,0,1,9e-05
1,0.9364489913,0.9364489913,0.9364489913,0.9364489913,0.9364489913,0.9364489913,0,0.9364489913,-0.0006315483479,-0.0006315483479,-0.0006315483479,-0.0006315483479,-0.0006315483479,-0.0006315483479,0,-0.0006315483479,0,0,0,0,0,0,0,0,0.9364492297,0.9364492297,0.9364492297,0.9364492297,0.9364492297,0.9364492297,0,0.9364492297,8821345,8821345,8821345,8821345,8821345,8821345,0,8821345,1003.959961,1003.959961,1003.959961,1003.959961,1003.959961,1003.959961,0,1003.959961,1,1,1,1,1,1,0,1,0.02999999933,0.02999999933,0.02999999933,0.02999999933,0.02999999933,0.02999999933,0,0.02999999933,0.0549999997,0.0549999997,0.0549999997,0.0549999997,0.0549999997,0.0549999997,0,0.0549999997,0,0,0,0,0,0,0,0,1,9.5e-05
1,0.8655532598,0.8655532598,0.8655532598,0.8655532598,0.8655532598,0.8655532598,0,0.8655532598,-0.004118375946,-0.004118375946,-0.004118375946,-0.004118375946,-0.004118375946,-0.004118375946,0,-0.004118375946,0,0,0,0,0,0,0,0,0.865563035,0.865563035,0.865563035,0.865563035,0.865563035,0.865563035,0,0.865563035,8959211,8959211,8959211,8959211,8959211,8959211,0,8959211,1004.02002,1004.02002,1004.02002,1004.02002,1004.02002,1004.02002,0,1004.02002,1,1,1,1,1,1,0,1,0.02999999933,0.02999999933,0.02999999933,0.02999999933,0.02999999933,0.02999999933,0,0.02999999933,0.0549999997,0.0549999997,0.0549999997,0.0549999997,0.0549999997,0.0549999997,0,0.0549999997,0,0,0,0,0,0,0,0,1,0.0001
1,0.7999822497,0.7999822497,0.7999822497,0.7999822497,0.7999822497,0.7999822497,0,0.7999822497,-0.01956956461,-0.01956956461,-0.01956956461,-0.01956956461,-0.01956956461,-0.01956956461,0,-0.01956956461,0,0,0,0,0,0,0,0,0.8002215624,0.8002215624,0.8002215624,0.8002215624,0.8002215624,0.8002215624,0,0.8002215624,9021300,9021300,9021300,9021300,9021300,9021300,0,9021300,1004.048706,1004.048706,1004.048706,1004.048706,1004.048706,1004.048706,0,1004.048706,1,1,1,1,1,1,0,1,0.02999999933,0.02999999933,0.02999999933,0.02999999933,0.02999999933,0.02999999933,0,0.02999999933,0.0549999997,0.0549999997,0.0549999997,0.0549999997,0.0549999997,0.0549999997,0,0.0549999997,0,0,0,0,0,0,0,0,1,0.000105
1,0.732316792,0.732316792,0.732316792,0.732316792,0.732316792,0.732316792,0,0.732316792,-0.06766394526,-0.06766394526,-0.06766394526,-0.06766394526,-0.06766394526,-0.06766394526,0,-0.06766394526,0,0,0,0,0,0,0,0,0.7354361415,0.7354361415,0.7354361415,0.7354361415,0.7354361415,0.7354361415,0,0.7354361415,8944795,8944795,8944795,8944795,8944795,8944795,0,8944795,1004.017517,1004.017517,1004.017517,1004.017517,1004.017517,1004.017517,0,1004.017517,1,1,1,1,1,1,0,1,0.02999999933,0.02999999933,0.02999999933,0.02999999933,0.02999999933,0.02999999933,0,0.02999999933,0.0549999997,0.0549999997,0.0549999997,0.0549999997,0.0549999997,0.0549999997,0,0.0549999997,0,0,0,0,0,0,0,0,1,0.00011
1,0.6498797536,0.6498797536,0.6498797536,0.6498797536,0.6498797536,0.6498797536,0,0.6498797536,-0.1702487618,-0.1702487618,-0.1702487618,-0.1702487618,-0.1702487618,-0.1702487618,0,-0.1702487618,0,0,0,0,0,0,0,0,0.6718097329,0.6718097329,0.6718097329,0.6718097329,0.6718097329,0.6718097329,0,0.6718097329,8673112,8673112,8673112,8673112,8673112,8673112,0,8673112,1003.893738,1003.893738,1003.893738,1003.893738,1003.893738,1003.893738,0,1003.893738,1,1,1,1,1,1,0,1,0.02999999933,0.02999999933,0.02999999933,0.02999999933,0.02999999933,0.02999999933,0,0.02999999933,0.0549999997,0.0549999997,0.0549999997,0.0549999997,0.0549999997,0.0549999997,0,0.0549999997,0,0,0,0,0,0,0,0,1,0.000115
1,0.5530499816,0.5530499816,0.5530499816,0.5530499816,0.5530499816,0.5530499816,0,0.5530499816,-0.3191407621,-0.3191407621,-0.3191407621,-0.3191407621,-0.3191407621,-0.3191407621,0,-0.3191407621,0,0,0,0,0,0,0,0,0.6385257244,0.6385257244,0.6385257244,0.6385257244,0.6385257244,0.6385257244,0,0.6385257244,8242222.5,8242222.5,8242222.5,8242222.5,8242222.5,8242222.5,0,8242222.5,1003.695007,1003.695007,1003.695007,1003.695007,1003.695007,1003.695007,0,1003.695007,1,1,1,1,1,1,0,1,0.02999999933,0.02999999933,0.02999999933,0.02999999933,0.02999999933,0.02999999933,0,0.02999999933,0.0549999997,0.0549999997,0.0549999997,0.0549999997,0.0549999997,0.0549999997,0,0.0549999997,0,0,0,0,0,0,0,0,1,0.00012
1,0.4603210092,0.4603210092,0.4603210092,0.4603210092,0.4603210092,0.4603210092,0,0.4603210092,-0.4622171223,-0.4622171223,-0.4622171223,-0.4622171223,-0.4622171223,-0.4622171223,0,-0.4622171223,0,0,0,0,0,0,0,0,0.6523343325,0.6523343325,0.6523343325,0.6523343325,0.6523343325,0.6523343325,0,0.6523343325,7833197.5,7833197.5,7833197.5,7833197.5,7833197.5,7833197.5,0,7833197.5,1003.51001,1003.51001,1003.51001,1003.51001,1003.51001,1003.51001,0,1003.51001,1,1,1,1,1,1,0,1,0.02999999933,0.02999999933,0.02999999933,0.02999999933,0.02999999933,0.02999999933,0,0.02999999933,0.0549999997,0.0549999997,0.0549999997,0.0549999997,0.0549999997,0.0549999997,0,0.0549999997,0,0,0,0,0,0,0,0,1,0.000125
1,0.3946823776,0.3946823776,0.3946823776,0.3946823776,0.3946823776,0.3946823776,0,0.3946823776,-0.5481178164,-0.5481178164,-0.5481178164,-0.5481178164,-0.5481178164,-0.5481178164,0,-0.5481178164,0,0,0,0,0,0,0,0,0.6754311919,0.6754311919,0.6754311919,0.6754311919,0.6754311919,0.6754311919,0,0.6754311919,7628383.5,7628383.5,7628383.5,7628383.5,7628383.5,7628383.5,0,7628383.5,1003.416199,1003.416199,1003.416199,1003.416199,1003.416199,1003.416199,0,1003.416199,1,1,1,1,1,1,0,1,0.02999999933,0.02999999933,0.02999999933,0.02999999933,0.02999999933,0.02999999933,0,0.02999999933,0.0549999997,0.0549999997,0.0549999997,0.0549999997,0.0549999997,0.0549999997,0,0.0549999997,0,0,0,0,0,0,0,0,1,0.00013
1,0.3566389978,0.3566389978,0.3566389978,0.3566389978,0.3566389978,0.3566389978,0,0.3566389978,-0.5790877342,-0.5790877342,-0.5790877342,-0.5790877342,-0.5790877342,-0.5790877342,0,-0.5790877342,0,0,0,0,0,0,0,0,0.6800985336,0.6800985336,0.6800985336,0.6800985336,0.6800985336,0.6800985336,0,0.6800985336,7620448.5,7620448.5,7620448.5,7620448.5,7620448.5,7620448.5,0,7620448.5,1003.416199,1003.416199,1003.416199,1003.416199,1003.416199,1003.416199,0,1003.416199,1,1,1,1,1,1,0,1,0.02999999933,0.02999999933,0.02999999933,0.02999999933,0.02999999933,0.02999999933,0,0.02999999933,0.0549999997,0.0549999997,0.0549999997,0.0549999997,0.0549999997,0.0549999997,0,0.0549999997,0,0,0,0,0,0,0,0,1,0.000135
1,0.3304623663,0.3304623663,0.3304623663,0.3304623663,0.3304623663,0.3304623663,0,0.3304623663,-0.600369513,-0.600369513,-0.600369513,-0.600369513,-0.600369513,-0.600369513,0,-0.600369513,0,0,0,0,0,0,0,0,0.6853093505,0.6853093505,0.6853093505,0.6853093505,0.6853093505,0.6853093505,0,0.6853093505,7650573.5,7650573.5,7650573.5,7650573.5,7650573.5,7650573.5,0,7650573.5,1003.42749,1003.42749,1003.42749,1003.42749,1003.42749,1003.42749,0,1003.42749,1,1,1,1,1,1,0,1,0.02999999933,0.02999999933,0.02999999933,0.02999999933,0.02999999933,0.02999999933,0,0.02999999933,0.0549999997,0.0549999997,0.0549999997,0.0549999997,0.0549999997,0.0549999997,0,0.0549999997,0,0,0,0,0,0,0,0,1,0.00014
1,0.3098915815,0.3098915815,0.3098915815,0.3098915815,0.3098915815,0.3098915815,0,0.3098915815,-0.6448916197,-0.6448916197,-0.6448916197,-0.6448916197,-0.6448916197,-0.6448916197,0,-0.6448916197,0,0,0,0,0,0,0,0,0.7154844403,0.7154844403,0.7154844403,0.7154844403,0.7154844403,0.7154844403,0,0.7154844403,7584518.5,7584518.5,7584518.5,7584518.5,7584518.5,7584518.5,0,7584518.5,1003.400024,1003.400024,1003.400024,1003.400024,1003.400024,1003.400024,0,1003.400024,1,1,1,1,1,1,0,1,0.02999999933,0.02999999933,0.02999999933,0.02999999933,0.02999999933,0.02999999933,0,0.02999999933,0.0549999997,0.0549999997,0.0549999997,0.0549999997,0.0549999997,0.0549999997,0,0.0549999997,0,0,0,0,0,0,0,0,1,0.000145
1,0.3153503537,0.3153503537,0.3153503537,0.3153503537,0.3153503537,0.3153503537,0,0.3153503537,-0.7029725909,-0.7029725909,-0.7029725909,-0.7029725909,-0.7029725909,-0.7029725909,0,-0.7029725909,0,0,0,0,0,0,0,0,0.7704650164,0.7704650164,0.7704650164,0.7704650164,0.7704650164,0.7704650164,0,0.7704650164,7421045,7421045,7421045,7421045,7421045,7421045,0,7421045,1003.325012,1003.325012,1003.325012,1003.325012,1003.325012,1003.325012,0,1003.325012,1,1,1,1,1,1,0,1,0.02999999933,0.02999999933,0.02999999933,0.02999999933,0.02999999933,0.02999999933,0,0.02999999933,0.0549999997,0.0549999997,0.0549999997,0.0549999997,0.0549999997,0.0549999997,0,0.0549999997,0,0,0,0,0,0,0,0,1,0.00015
1,0.372070998,0.372070998,0.372070998,0.372070998,0.372070998,0.372070998,0,0.372070998,-0.7428400517,-0.7428400517,-0.7428400517,-0.7428400517,-0.7428400517,-0.7428400517,0,-0.7428400517,0,0,0,0,0,0,0,0,0.830811739,0.830811739,0.830811739,0.830811739,0.830811739,0.830811739,0,0.830811739,7255668.5,7255668.5,7255668.5,7255668.5,7255668.5,7255668.5,0,7255668.5,1003.248718,1003.248718,1003.248718,1003.248718,1003.248718,1003.248718,0,1003.248718,1,1,1,1,1,1,0,1,0.02999999933,0.02999999933,0.02999999933,0.02999999933,0.02999999933,0.02999999933,0,0.02999999933,0.0549999997,0.0549999997,0.0549999997,0.0549999997,0.0549999997,0.0549999997,0,0.0549999997,0,0,0,0,0,0,0,0,1,0.000155
1,0.4734251201,0.4734251201,0.4734251201,0.4734251201,0.4734251201,0.4734251201,0,0.4734251201,-0.7473020554,-0.7473020554,-0.7473020554,-0.7473020554,-0.7473020554,-0.7473020554,0,-0.7473020554,0,0,0,0,0,0,0,0,0.8846421242,0.8846421242,0.8846421242,0.8846421242,0.8846421242,0.8846421242,0,0.8846421242,7173545,7173545,7173545,7173545,7173545,7173545,0,7173545,1003.211243,1003.211243,1003.211243,1003.211243,1003.211243,1003.211243,0,1003.211243,1,1,1,1,1,1,0,1,0.02999999933,0.02999999933,0.02999999933,0.02999999933,0.02999999933,0.02999999933,0,0.02999999933,0.0549999997,0.0549999997,0.0549999997,0.0549999997,0.0549999997,0.0549999997,0,0.0549999997,0,0,0,0,0,0,0,0,1,0.00016
1,0.5850247741,0.5850247741,0.5850247741,0.5850247741,0.5850247741,0.5850247741,0,0.5850247741,-0.7230175734,-0.7230175734,-0.7230175734,-0.7230175734,-0.7230175734,-0.7230175734,0,-0.7230175734,0,0,0,0,0,0,0,0,0.9300583005,0.9300583005,0.9300583005,0.9300583005,0.9300583005,0.9300583005,0,0.9300583005,7195501.5,7195501.5,7195501.5,7195501.5,7195501.5,7195501.5,0,7195501.5,1003.222473,1003.222473,1003.222473,1003.222473,1003.222473,1003.222473,0,1003.222473,1,1,1,1,1,1,0,1,0.02999999933,0.02999999933,0.02999999933,0.02999999933,0.02999999933,0.02999999933,0,0.02999999933,0.0549999997,0.0549999997,0.0549999997,0.0549999997,0.0549999997,0.0549999997,0,0.0549999997,0,0,0,0,0,0,0,0,1,0.000165
1,0.6738551259,0.6738551259,0.6738551259,0.6738551259,0.6738551259,0.6738551259,0,0.6738551259,-0.6900976896,-0.6900976896,-0.6900976896,-0.6900976896,-0.6900976896,-0.6900976896,0,-0.6900976896,0,0,0,0,0,0,0,0,0.9645286798,0.9645286798,0.9645286798,0.9645286798,0.9645286798,0.9645286798,0,0.9645286798,7283981.5,7283981.5,7283981.5,7283981.5,7283981.5,7283981.5,0,7283981.5,1003.261292,1003.261292,1003.261292,1003.261292,1003.261292,1003.261292,0,1003.261292,1,1,1,1,1,1,0,1,0.02999999933,0.02999999933,0.02999999933,0.02999999933,0.02999999933,0.02999999933,0,0.02999999933,0.0549999997,0.0549999997,0.0549999997,0.0549999997,0.0549999997,0.0549999997,0,0.0549999997,0,0,0,0,0,0,0,0,1,0.00017
1,0.7283545136,0.7283545136,0.7283545136,0.7283545136,0.7283545136,0.7283545136,0,0.7283545136,-0.6646823287,-0.6646823287,-0.6646823287,-0.6646823287,-0.6646823287,-0.6646823287,0,-0.6646823287,0,0,0,0,0,0,0,0,0.9860541821,0.9860541821,0.9860541821,0.9860541821,0.9860541821,0.9860541821,0,0.9860541821,7386725,7386725,7386725,7386725,7386725,7386725,0,7386725,1003.307495,1003.307495,1003.307495,1003.307495,1003.307495,1003.307495,0,1003.307495,1,1,1,1,1,1,0,1,0.02999999933,0.02999999933,0.02999999933,0.02999999933,0.02999999933,0.02999999933,0,0.02999999933,0.0549999997,0.0549999997,0.0549999997,0.0549999997,0.0549999997,0.0549999997,0,0.0549999997,0,0,0,0,0,0,0,0,1,0.000175
1,0.752350688,0.752350688,0.752350688,0.752350688,0.752350688,0.752350688,0,0.752350688,-0.6559938192,-0.6559938192,-0.6559938192,-0.6559938192,-0.6559938192,-0.6559938192,0,-0.6559938192,0,0,0,0,0,0,0,0,0.9981780648,0.9981780648,0.9981780648,0.9981780648,0.9981780648,0.9981780648,0,0.9981780648,7458775,7458775,7458775,7458775,7458775,7458775,0,7458775,1003.340027,1003.340027,1003.340027,1003.340027,1003.340027,1003.340027,0,1003.340027,1,1,1,1,1,1,0,1,0.02999999933,0.02999999933,0.02999999933,0.02999999933,0.02999999933,0.02999999933,0,0.02999999933,0.0549999997,0.0549999997,0.0549999997,0.0549999997,0.0549999997,0.0549999997,0,0.0549999997,0,0,0,0,0,0,0,0,1,0.00018
1,0.7530888915,0.7530888915,0.7530888915,0.7530888915,0.7530888915,0.7530888915,0,0.7530888915,-0.6697154641,-0.6697154641,-0.6697154641,-0.6697154641,-0.6697154641,-0.6697154641,0,-0.6697154641,0,0,0,0,0,0,0,0,1.00780046,1.00780046,1.00780046,1.00780046,1.00780046,1.00780046,0,1.00780046,7467078.5,7467078.5,7467078.5,7467078.5,7467078.5,7467078.5,0,7467078.5,1003.344971,1003.344971,1003.344971,1003.344971,1003.344971,1003.344971,0,1003.344971,1,1,1,1,1,1,0,1,0.02999999933,0.02999999933,0.02999999933,0.02999999933,0.02999999933,0.02999999933,0,0.02999999933,0.0549999997,0.0549999997,0.0549999997,0.0549999997,0.0549999997,0.0549999997,0,0.0549999997,0,0,0,0,0,0,0,0,1,0.000185
1,0.7381520271,0.7381520271,0.7381520271,0.7381520271,0.7381520271,0.7381520271,0,0.7381520271,-0.706961453,-0.706961453,-0.706961453,-0.706961453,-0.706961453,-0.706961453,0,-0.706961453,0,0,0,0,0,0,0,0,1.022087574,1.022087574,1.022087574,1.022087574,1.022087574,1.022087574,0,1.022087574,7398765,7398765,7398765,7398765,7398765,7398765,0,7398765,1003.315002,1003.315002,1003.315002,1003.315002,1003.315002,1003.315002,0,1003.315002,1,1,1,1,1,1,0,1,0.02999999933,0.02999999933,0.02999999933,0.02999999933,0.02999999933,0.02999999933,0,0.02999999933,0.0549999997,0.0549999997,0.0549999997,0.0549999997,0.0549999997,0.0549999997,0,0.0549999997,0,0,0,0,0,0,0,0,1,0.00019
1,0.7176380157,0.7176380157,0.7176380157,0.7176380157,0.7176380157,0.7176380157,0,0.7176380157,-0.7616883516,-0.7616883516,-0.7616883516,-0.7616883516,-0.7616883516,-0.7616883516,0,-0.7616883516,0,0,0,0,0,0,0,0,1.046505332,1.046505332,1.046505332,1.046505332,1.046505332,1.046505332,0,1.046505332,7267620,7267620,7267620,7267620,7267620,7267620,0,7267620,1003.255005,1003.255005,1003.255005,1003.255005,1003.255005,1003.255005,0,1003.255005,1,1,1,1,1,1,0,1,0.02999999933,0.02999999933,0.02999999933,0.02999999933,0.02999999933,0.02999999933,0,0.02999999933,0.0549999997,0.0549999997,0.0549999997,0.0549999997,0.0549999997,0.0549999997,0,0.0549999997,0,0,0,0,0,0,0,0,1,0.000195
1,0.7049047947,0.7049047947,0.7049047947,0.7049047947,0.7049047947,0.7049047947,0,0.7049047947,-0.8225590587,-0.8225590587,-0.8225590587,-0.8225590587,-0.8225590587,-0.8225590587,0,-0.8225590587,0,0,0,0,0,0,0,0,1.083279371,1.083279371,1.083279371,1.083279371,1.083279371,1.083279371,0,1.083279371,7105038.5,7105038.5,7105038.5,7105038.5,7105038.5,7105038.5,0,7105038.5,1003.179993,1003.179993,1003.179993,1003.179993,1003.179993,1003.179993,0,1003.179993,1,1,1,1,1,1,0,1,0.02999999933,0.02999999933,0.02999999933,0.02999999933,0.02999999933,0.02999999933,0,0.02999999933,0.0549999997,0.0549999997,0.0549999997,0.0549999997,0.0549999997,0.0549999997,0,0.0549999997,0,0,0,0,0,0,0,0,1,0.0002
